"fat_thickness [mm]","Freq [GHz]","Phi [deg]","Theta [deg]","dB(GainTotal) []"
5,0.6,0,0,-60.4350395970726
5,0.6,0,2,-59.2629422103394
5,0.6,0,4,-56.6327733295354
5,0.6,0,6,-54.1437730146781
5,0.6,0,8,-52.0673318019203
5,0.6,0,10,-50.3426231855213
5,0.6,0,12,-48.8857446313438
5,0.6,0,14,-47.6322192784401
5,0.6,0,16,-46.5360353562212
5,0.6,0,18,-45.5643204370582
5,0.6,0,20,-44.6931476664838
5,0.6,0,22,-43.9047156340223
5,0.6,0,24,-43.1854989182062
5,0.6,0,26,-42.5250247612661
5,0.6,0,28,-41.9150486164334
5,0.6,0,30,-41.3489865766538
5,0.6,0,32,-40.821516340558
5,0.6,0,34,-40.3282910541216
5,0.6,0,36,-39.8657302972774
5,0.6,0,38,-39.4308648006837
5,0.6,0,40,-39.021219226313
5,0.6,0,42,-38.634722318293
5,0.6,0,44,-38.2696369887137
5,0.6,0,46,-37.9245050840202
5,0.6,0,48,-37.5981030694283
5,0.6,0,50,-37.2894059116618
5,0.6,0,52,-36.9975571845119
5,0.6,0,54,-36.7218439623548
5,0.6,0,56,-36.4616754644756
5,0.6,0,58,-36.2165647069829
5,0.6,0,60,-35.9861126349982
5,0.6,0,62,-35.7699943632003
5,0.6,0,64,-35.5679472603865
5,0.6,0,66,-35.3797606833833
5,0.6,0,68,-35.2052672057803
5,0.6,0,70,-35.0443352050806
5,0.6,0,72,-34.8968626748135
5,0.6,0,74,-34.7627721222017
5,0.6,0,76,-34.6420064025961
5,0.6,0,78,-34.5345253336904
5,0.6,0,80,-34.4403029290281
5,0.6,0,82,-34.3593250939709
5,0.6,0,84,-34.291587639389
5,0.6,0,86,-34.2370944891414
5,0.6,0,88,-34.1958559862598
5,0.6,0,90,-34.1678872382155
5,0.6,0,92,-34.1532064817441
5,0.6,0,94,-34.1518334900593
5,0.6,0,96,-34.1637880873282
5,0.6,0,98,-34.1890888744165
5,0.6,0,100,-34.2277523036267
5,0.6,0,102,-34.2797922661731
5,0.6,0,104,-34.3452203724892
5,0.6,0,106,-34.4240471105983
5,0.6,0,108,-34.5162840606386
5,0.6,0,110,-34.621947323823
5,0.6,0,112,-34.7410622919957
5,0.6,0,114,-34.8736698408719
5,0.6,0,116,-35.0198339785013
5,0.6,0,118,-35.1796509242902
5,0.6,0,120,-35.3532595382438
5,0.6,0,122,-35.5408529714911
5,0.6,0,124,-35.7426913752753
5,0.6,0,126,-35.9591154947788
5,0.6,0,128,-36.1905609948309
5,0.6,0,130,-36.4375734246214
5,0.6,0,132,-36.7008238347892
5,0.6,0,134,-36.9811252181396
5,0.6,0,136,-37.2794501591851
5,0.6,0,138,-37.5969503522883
5,0.6,0,140,-37.9349789902745
5,0.6,0,142,-38.2951174476666
5,0.6,0,144,-38.6792082087583
5,0.6,0,146,-39.0893966624109
5,0.6,0,148,-39.5281852734424
5,0.6,0,150,-39.9985048604928
5,0.6,0,152,-40.5038094484338
5,0.6,0,154,-41.0482037180908
5,0.6,0,156,-41.6366159281283
5,0.6,0,158,-42.2750351168977
5,0.6,0,160,-42.9708406968321
5,0.6,0,162,-43.7332673696529
5,0.6,0,164,-44.5740721233262
5,0.6,0,166,-45.5085083637142
5,0.6,0,168,-46.5567718737627
5,0.6,0,170,-47.7461651229827
5,0.6,0,172,-49.114281221367
5,0.6,0,174,-50.713205924037
5,0.6,0,176,-52.6122246480034
5,0.6,0,178,-54.8814543065228
5,0.6,0,180,-57.4560351570434
7.5,0.6,0,0,-54.9500624270444
7.5,0.6,0,2,-52.3861872752663
7.5,0.6,0,4,-50.4001564179798
7.5,0.6,0,6,-48.7822789498276
7.5,0.6,0,8,-47.4179663876209
7.5,0.6,0,10,-46.238357449917
7.5,0.6,0,12,-45.1990453868941
7.5,0.6,0,14,-44.2698288849644
7.5,0.6,0,16,-43.429308959059
7.5,0.6,0,18,-42.6618289530084
7.5,0.6,0,20,-41.9556382895757
7.5,0.6,0,22,-41.3017368460978
7.5,0.6,0,24,-40.6931180866232
7.5,0.6,0,26,-40.1242562165708
7.5,0.6,0,28,-39.5907482856389
7.5,0.6,0,30,-39.0890578339031
7.5,0.6,0,32,-38.6163269155229
7.5,0.6,0,34,-38.1702352640187
7.5,0.6,0,36,-37.7488926360541
7.5,0.6,0,38,-37.3507549420437
7.5,0.6,0,40,-36.974557726799
7.5,0.6,0,42,-36.6192625235142
7.5,0.6,0,44,-36.2840129357344
7.5,0.6,0,46,-35.9680982252446
7.5,0.6,0,48,-35.6709228349047
7.5,0.6,0,50,-35.3919807396016
7.5,0.6,0,52,-35.130833850347
7.5,0.6,0,54,-34.8870939319945
7.5,0.6,0,56,-34.660407658402
7.5,0.6,0,58,-34.4504445372355
7.5,0.6,0,60,-34.2568875025798
7.5,0.6,0,62,-34.0794260067914
7.5,0.6,0,64,-33.9177514513945
7.5,0.6,0,66,-33.7715547868174
7.5,0.6,0,68,-33.6405260880566
7.5,0.6,0,70,-33.5243558829667
7.5,0.6,0,72,-33.422737976412
7.5,0.6,0,74,-33.335373481205
7.5,0.6,0,76,-33.2619757394829
7.5,0.6,0,78,-33.2022757994387
7.5,0.6,0,80,-33.1560281050958
7.5,0.6,0,82,-33.1230160634041
7.5,0.6,0,84,-33.1030571747725
7.5,0.6,0,86,-33.0960074506491
7.5,0.6,0,88,-33.1017648941884
7.5,0.6,0,90,-33.1202718855201
7.5,0.6,0,92,-33.1515163887203
7.5,0.6,0,94,-33.1955319794833
7.5,0.6,0,96,-33.2523967763733
7.5,0.6,0,98,-33.3222314398683
7.5,0.6,0,100,-33.4051964778527
7.5,0.6,0,102,-33.5014891599313
7.5,0.6,0,104,-33.6113403928571
7.5,0.6,0,106,-33.7350119433257
7.5,0.6,0,108,-33.8727944112404
7.5,0.6,0,110,-34.0250063561688
7.5,0.6,0,112,-34.1919949630041
7.5,0.6,0,114,-34.3741386018424
7.5,0.6,0,116,-34.5718515950241
7.5,0.6,0,118,-34.7855914558557
7.5,0.6,0,120,-35.0158688151075
7.5,0.6,0,122,-35.2632602113865
7.5,0.6,0,124,-35.5284239006698
7.5,0.6,0,126,-35.8121188520027
7.5,0.6,0,128,-36.1152271569828
7.5,0.6,0,130,-36.4387802099368
7.5,0.6,0,132,-36.7839892379448
7.5,0.6,0,134,-37.1522811058446
7.5,0.6,0,136,-37.5453408322574
7.5,0.6,0,138,-37.9651629873705
7.5,0.6,0,140,-38.414115190862
7.5,0.6,0,142,-38.8950184306577
7.5,0.6,0,144,-39.4112511129276
7.5,0.6,0,146,-39.9668870233355
7.5,0.6,0,148,-40.5668824066263
7.5,0.6,0,150,-41.2173353565756
7.5,0.6,0,152,-41.9258538435893
7.5,0.6,0,154,-42.702091145658
7.5,0.6,0,156,-43.5585474038844
7.5,0.6,0,158,-44.5118105927597
7.5,0.6,0,160,-45.5845571683103
7.5,0.6,0,162,-46.8089417650346
7.5,0.6,0,164,-48.2327088395407
7.5,0.6,0,166,-49.9311258881818
7.5,0.6,0,168,-52.032869214883
7.5,0.6,0,170,-54.7848907279226
7.5,0.6,0,172,-58.7513680959507
7.5,0.6,0,174,-65.5216996198123
7.5,0.6,0,176,-68.2322908165683
7.5,0.6,0,178,-60.332318834303
7.5,0.6,0,180,-55.8640995769459
10,0.6,0,0,-59.9381063992793
10,0.6,0,2,-58.7670116099389
10,0.6,0,4,-56.0401919411186
10,0.6,0,6,-53.4783696974808
10,0.6,0,8,-51.3517111678695
10,0.6,0,10,-49.5877973442227
10,0.6,0,12,-48.0966075499735
10,0.6,0,14,-46.8107777268853
10,0.6,0,16,-45.6829492081455
10,0.6,0,18,-44.6796614707575
10,0.6,0,20,-43.7767988074222
10,0.6,0,22,-42.9565937644868
10,0.6,0,24,-42.205683925329
10,0.6,0,26,-41.5138344451224
10,0.6,0,28,-40.8730796861009
10,0.6,0,30,-40.2771327450795
10,0.6,0,32,-39.7209699265649
10,0.6,0,34,-39.2005321022143
10,0.6,0,36,-38.7125059359063
10,0.6,0,38,-38.2541608533456
10,0.6,0,40,-37.8232257048482
10,0.6,0,42,-37.4177942252458
10,0.6,0,44,-37.0362517572584
10,0.6,0,46,-36.6772179415561
10,0.6,0,48,-36.3395015922692
10,0.6,0,50,-36.0220650201792
10,0.6,0,52,-35.7239957937973
10,0.6,0,54,-35.4444844412392
10,0.6,0,56,-35.1828069587284
10,0.6,0,58,-34.9383112485337
10,0.6,0,60,-34.7104067902646
10,0.6,0,62,-34.4985569760352
10,0.6,0,64,-34.302273627592
10,0.6,0,66,-34.1211132737675
10,0.6,0,68,-33.954674808555
10,0.6,0,70,-33.8025981806986
10,0.6,0,72,-33.6645637904768
10,0.6,0,74,-33.5402922925853
10,0.6,0,76,-33.4295445289158
10,0.6,0,78,-33.3321213438609
10,0.6,0,80,-33.2478630689616
10,0.6,0,82,-33.1766485038861
10,0.6,0,84,-33.1183932668115
10,0.6,0,86,-33.0730474385412
10,0.6,0,88,-33.0405924799145
10,0.6,0,90,-33.0210374595411
10,0.6,0,92,-33.0144146866577
10,0.6,0,94,-33.0207748997067
10,0.6,0,96,-33.0401822127407
10,0.6,0,98,-33.0727090665261
10,0.6,0,100,-33.1184314668446
10,0.6,0,102,-33.1774248166155
10,0.6,0,104,-33.249760658907
10,0.6,0,106,-33.335504642781
10,0.6,0,108,-33.4347160018552
10,0.6,0,110,-33.5474487958784
10,0.6,0,112,-33.6737551090092
10,0.6,0,114,-33.8136903268743
10,0.6,0,116,-33.9673205315979
10,0.6,0,118,-34.1347319655601
10,0.6,0,120,-34.3160424282479
10,0.6,0,122,-34.5114143953767
10,0.6,0,124,-34.7210695955638
10,0.6,0,126,-34.9453047573323
10,0.6,0,128,-35.1845082572714
10,0.6,0,130,-35.4391774660622
10,0.6,0,132,-35.709936707774
10,0.6,0,134,-35.9975559220942
10,0.6,0,136,-36.3029703504741
10,0.6,0,138,-36.6273018577219
10,0.6,0,140,-36.9718828559971
10,0.6,0,142,-37.3382842315819
10,0.6,0,144,-37.7283492120205
10,0.6,0,146,-38.1442357978929
10,0.6,0,148,-38.5884712956891
10,0.6,0,150,-39.0640237487477
10,0.6,0,152,-39.5743968682946
10,0.6,0,154,-40.1237577313294
10,0.6,0,156,-40.7171105486297
10,0.6,0,158,-41.3605360611683
10,0.6,0,160,-42.0615260212901
10,0.6,0,162,-42.8294581880163
10,0.6,0,164,-43.6762834901524
10,0.6,0,166,-44.6175405429358
10,0.6,0,168,-45.6738845607259
10,0.6,0,170,-46.8734300365285
10,0.6,0,172,-48.2553434270014
10,0.6,0,174,-49.8750581307248
10,0.6,0,176,-51.8097100826684
10,0.6,0,178,-54.1494409570424
10,0.6,0,180,-56.8777561883776
12.5,0.6,0,0,-57.6857728907195
12.5,0.6,0,2,-55.9775216204837
12.5,0.6,0,4,-53.5589780420167
12.5,0.6,0,6,-51.3263176571424
12.5,0.6,0,8,-49.4208096381318
12.5,0.6,0,10,-47.8004629711347
12.5,0.6,0,12,-46.4058083288075
12.5,0.6,0,14,-45.1884676052166
12.5,0.6,0,16,-44.1123946632074
12.5,0.6,0,18,-43.1510063505325
12.5,0.6,0,20,-42.2844848561419
12.5,0.6,0,22,-41.4978036025716
12.5,0.6,0,24,-40.7793596796776
12.5,0.6,0,26,-40.1200330834607
12.5,0.6,0,28,-39.5125340416594
12.5,0.6,0,30,-38.9509440688505
12.5,0.6,0,32,-38.4303885747749
12.5,0.6,0,34,-37.9468001011469
12.5,0.6,0,36,-37.4967449472459
12.5,0.6,0,38,-37.0772947529662
12.5,0.6,0,40,-36.6859303381625
12.5,0.6,0,42,-36.3204688877028
12.5,0.6,0,44,-35.9790081317059
12.5,0.6,0,46,-35.6598829403979
12.5,0.6,0,48,-35.361631007024
12.5,0.6,0,50,-35.0829652014235
12.5,0.6,0,52,-34.8227508484232
12.5,0.6,0,54,-34.5799866867304
12.5,0.6,0,56,-34.3537886388224
12.5,0.6,0,58,-34.1433757992243
12.5,0.6,0,60,-33.9480582478815
12.5,0.6,0,62,-33.7672264326924
12.5,0.6,0,64,-33.6003419536771
12.5,0.6,0,66,-33.4469296321262
12.5,0.6,0,68,-33.3065707715798
12.5,0.6,0,70,-33.1788975225676
12.5,0.6,0,72,-33.0635882572578
12.5,0.6,0,74,-32.9603638495415
12.5,0.6,0,76,-32.8689847451138
12.5,0.6,0,78,-32.7892486977893
12.5,0.6,0,80,-32.7209890443265
12.5,0.6,0,82,-32.6640733911332
12.5,0.6,0,84,-32.61840259236
12.5,0.6,0,86,-32.5839099096051
12.5,0.6,0,88,-32.5605602580894
12.5,0.6,0,90,-32.548349462003
12.5,0.6,0,92,-32.5473034621001
12.5,0.6,0,94,-32.5574774409109
12.5,0.6,0,96,-32.5789548545584
12.5,0.6,0,98,-32.6118463844895
12.5,0.6,0,100,-32.6562888467728
12.5,0.6,0,102,-32.7124441201525
12.5,0.6,0,104,-32.780498175855
12.5,0.6,0,106,-32.8606603112028
12.5,0.6,0,108,-32.9531627043749
12.5,0.6,0,110,-33.058260418244
12.5,0.6,0,112,-33.1762319864671
12.5,0.6,0,114,-33.3073807146546
12.5,0.6,0,116,-33.4520368238415
12.5,0.6,0,118,-33.6105605537125
12.5,0.6,0,120,-33.7833463310157
12.5,0.6,0,122,-33.9708280972079
12.5,0.6,0,124,-34.1734858824056
12.5,0.6,0,126,-34.3918537149016
12.5,0.6,0,128,-34.6265289724105
12.5,0.6,0,130,-34.8781833191867
12.5,0.6,0,132,-35.1475754393673
12.5,0.6,0,134,-35.4355658794131
12.5,0.6,0,136,-35.7431344608471
12.5,0.6,0,138,-36.0714009303861
12.5,0.6,0,140,-36.4216497937026
12.5,0.6,0,142,-36.7953606536669
12.5,0.6,0,144,-37.1942458771247
12.5,0.6,0,146,-37.6202980969107
12.5,0.6,0,148,-38.0758509974736
12.5,0.6,0,150,-38.5636581593612
12.5,0.6,0,152,-39.0869966521991
12.5,0.6,0,154,-39.6498048962415
12.5,0.6,0,156,-40.2568686004404
12.5,0.6,0,158,-40.9140752372873
12.5,0.6,0,160,-41.6287680775369
12.5,0.6,0,162,-42.4102479589082
12.5,0.6,0,164,-43.2704993837168
12.5,0.6,0,166,-44.2252653569252
12.5,0.6,0,168,-45.2956759305332
12.5,0.6,0,170,-46.510765972012
12.5,0.6,0,172,-47.9113929432706
12.5,0.6,0,174,-49.5560750063058
12.5,0.6,0,176,-51.5275494869058
12.5,0.6,0,178,-53.9249562572729
12.5,0.6,0,180,-56.7321326849542
15,0.6,0,0,-57.3806951162864
15,0.6,0,2,-58.0662709959162
15,0.6,0,4,-55.9533027440406
15,0.6,0,6,-53.2137025262598
15,0.6,0,8,-50.8297700227237
15,0.6,0,10,-48.8586601671453
15,0.6,0,12,-47.2128163658581
15,0.6,0,14,-45.8125886656201
15,0.6,0,16,-44.6001267315187
15,0.6,0,18,-43.5344812581889
15,0.6,0,20,-42.5862653738321
15,0.6,0,22,-41.7339047358288
15,0.6,0,24,-40.9611833168054
15,0.6,0,26,-40.2556429957563
15,0.6,0,28,-39.6075241752586
15,0.6,0,30,-39.009050419191
15,0.6,0,32,-38.4539355342604
15,0.6,0,34,-37.937037433363
15,0.6,0,36,-37.4541107932123
15,0.6,0,38,-37.0016273663032
15,0.6,0,40,-36.5766432519771
15,0.6,0,42,-36.1766990540966
15,0.6,0,44,-35.7997431622605
15,0.6,0,46,-35.4440712803479
15,0.6,0,48,-35.1082773221041
15,0.6,0,50,-34.7912122182197
15,0.6,0,52,-34.4919482257301
15,0.6,0,54,-34.2097471146513
15,0.6,0,56,-33.9440311985084
15,0.6,0,58,-33.6943566175939
15,0.6,0,60,-33.4603886040861
15,0.6,0,62,-33.2418786765559
15,0.6,0,64,-33.0386438445338
15,0.6,0,66,-32.8505479672023
15,0.6,0,68,-32.6774854190675
15,0.6,0,70,-32.5193671843264
15,0.6,0,72,-32.3761094443413
15,0.6,0,74,-32.2476246513797
15,0.6,0,76,-32.1338150068276
15,0.6,0,78,-32.0345681914905
15,0.6,0,80,-31.9497551351778
15,0.6,0,82,-31.8792295663504
15,0.6,0,84,-31.8228290522275
15,0.6,0,86,-31.7803772260625
15,0.6,0,88,-31.7516869008076
15,0.6,0,90,-31.7365637857593
15,0.6,0,92,-31.7348105530128
15,0.6,0,94,-31.7462310411191
15,0.6,0,96,-31.770634431327
15,0.6,0,98,-31.8078392840116
15,0.6,0,100,-31.8576773759966
15,0.6,0,102,-31.9199973301591
15,0.6,0,104,-31.9946680738449
15,0.6,0,106,-32.0815821995279
15,0.6,0,108,-32.1806593277697
15,0.6,0,110,-32.2918495876828
15,0.6,0,112,-32.415137333584
15,0.6,0,114,-32.5505452093311
15,0.6,0,116,-32.6981386560807
15,0.6,0,118,-32.8580309381739
15,0.6,0,120,-33.0303887397805
15,0.6,0,122,-33.2154383667875
15,0.6,0,124,-33.413472579615
15,0.6,0,126,-33.6248580886672
15,0.6,0,128,-33.850043770212
15,0.6,0,130,-34.089569711363
15,0.6,0,132,-34.3440772726445
15,0.6,0,134,-34.6143204690379
15,0.6,0,136,-34.9011791191947
15,0.6,0,138,-35.2056744024335
15,0.6,0,140,-35.5289877015912
15,0.6,0,142,-35.8724839090841
15,0.6,0,144,-36.2377407543723
15,0.6,0,146,-36.6265862076296
15,0.6,0,148,-37.0411466822676
15,0.6,0,150,-37.4839096868518
15,0.6,0,152,-37.9578059065903
15,0.6,0,154,-38.4663176533151
15,0.6,0,156,-39.0136235798643
15,0.6,0,158,-39.6047941200922
15,0.6,0,160,-40.246059319161
15,0.6,0,162,-40.9451823394235
15,0.6,0,164,-41.7119911111342
15,0.6,0,166,-42.5591530225198
15,0.6,0,168,-43.5033335758449
15,0.6,0,170,-44.5669782437924
15,0.6,0,172,-45.7811280073896
15,0.6,0,174,-47.1899533931569
15,0.6,0,176,-48.8579534980669
15,0.6,0,178,-50.8796611326638
15,0.6,0,180,-53.3784527339667
5,0.6,44,0,-60.4350395970726
5,0.6,44,2,-62.0301202380791
5,0.6,44,4,-59.917056964397
5,0.6,44,6,-56.8057715348527
5,0.6,44,8,-54.1633709683108
5,0.6,44,10,-52.0276867721418
5,0.6,44,12,-50.2681543250658
5,0.6,44,14,-48.781736836813
5,0.6,44,16,-47.4987161100446
5,0.6,44,18,-46.3720073044385
5,0.6,44,20,-45.3690182264491
5,0.6,44,22,-44.4665442964173
5,0.6,44,24,-43.6476210913494
5,0.6,44,26,-42.8995446725032
5,0.6,44,28,-42.2125904986898
5,0.6,44,30,-41.5791604504681
5,0.6,44,32,-40.9932002155533
5,0.6,44,34,-40.4497927625401
5,0.6,44,36,-39.9448699444964
5,0.6,44,38,-39.4750055296541
5,0.6,44,40,-39.0372657055368
5,0.6,44,42,-38.6291009374982
5,0.6,44,44,-38.2482679946475
5,0.6,44,46,-37.8927741398506
5,0.6,44,48,-37.5608375940795
5,0.6,44,50,-37.2508598356005
5,0.6,44,52,-36.9614063289678
5,0.6,44,54,-36.6911930491241
5,0.6,44,56,-36.4390767643349
5,0.6,44,58,-36.2040475232105
5,0.6,44,60,-35.9852221875029
5,0.6,44,62,-35.7818381816206
5,0.6,44,64,-35.5932469020446
5,0.6,44,66,-35.418906451595
5,0.6,44,68,-35.2583735400309
5,0.6,44,70,-35.1112945289339
5,0.6,44,72,-34.9773957006037
5,0.6,44,74,-34.856472903238
5,0.6,44,76,-34.7483807731756
5,0.6,44,78,-34.653021764166
5,0.6,44,80,-34.5703352275867
5,0.6,44,82,-34.5002867897997
5,0.6,44,84,-34.4428582664915
5,0.6,44,86,-34.3980383415962
5,0.6,44,88,-34.3658142226295
5,0.6,44,90,-34.3461644669499
5,0.6,44,92,-34.339053156031
5,0.6,44,94,-34.3444255780111
5,0.6,44,96,-34.362205562457
5,0.6,44,98,-34.3922945944083
5,0.6,44,100,-34.4345728154595
5,0.6,44,102,-34.4889019953373
5,0.6,44,104,-34.5551305252037
5,0.6,44,106,-34.6331004409591
5,0.6,44,108,-34.7226564289997
5,0.6,44,110,-34.8236566974233
5,0.6,44,112,-34.9359855138336
5,0.6,44,114,-35.0595671205462
5,0.6,44,116,-35.1943806460406
5,0.6,44,118,-35.3404755478182
5,0.6,44,120,-35.4979870587443
5,0.6,44,122,-35.6671510801105
5,0.6,44,124,-35.8483179832646
5,0.6,44,126,-36.04196485849
5,0.6,44,128,-36.2487058912142
5,0.6,44,130,-36.469300752161
5,0.6,44,132,-36.7046611541918
5,0.6,44,134,-36.9558560439187
5,0.6,44,136,-37.2241162480553
5,0.6,44,138,-37.5108397720254
5,0.6,44,140,-37.8175993472597
5,0.6,44,142,-38.1461542514323
5,0.6,44,144,-38.4984689077085
5,0.6,44,146,-38.8767413542431
5,0.6,44,148,-39.2834454467237
5,0.6,44,150,-39.7213917469723
5,0.6,44,152,-40.1938136686457
5,0.6,44,154,-40.7044879335698
5,0.6,44,156,-41.2579022976027
5,0.6,44,158,-41.8594897921757
5,0.6,44,160,-42.5159591058739
5,0.6,44,162,-43.2357683671207
5,0.6,44,164,-44.0298206126927
5,0.6,44,166,-44.9125160843144
5,0.6,44,168,-45.9034059231962
5,0.6,44,170,-47.0299151626013
5,0.6,44,172,-48.3320923153901
5,0.6,44,174,-49.8715134301298
5,0.6,44,176,-51.7495931885421
5,0.6,44,178,-54.1501471550451
5,0.6,44,180,-57.4560351570435
7.5,0.6,44,0,-54.9500624270445
7.5,0.6,44,2,-53.1509429667009
7.5,0.6,44,4,-51.3617716638794
7.5,0.6,44,6,-49.7454866192594
7.5,0.6,44,8,-48.3188529837326
7.5,0.6,44,10,-47.0600971044659
7.5,0.6,44,12,-45.9422209206588
7.5,0.6,44,14,-44.9414416523478
7.5,0.6,44,16,-44.0385198809193
7.5,0.6,44,18,-43.2182694163324
7.5,0.6,44,20,-42.4687493056865
7.5,0.6,44,22,-41.7805308946557
7.5,0.6,44,24,-41.146114147743
7.5,0.6,44,26,-40.5594816380566
7.5,0.6,44,28,-40.0157613513519
7.5,0.6,44,30,-39.5109711480076
7.5,0.6,44,32,-39.0418234707366
7.5,0.6,44,34,-38.6055744399201
7.5,0.6,44,36,-38.1999058920177
7.5,0.6,44,38,-37.8228321919298
7.5,0.6,44,40,-37.4726260121248
7.5,0.6,44,42,-37.1477589509075
7.5,0.6,44,44,-36.8468540452708
7.5,0.6,44,46,-36.5686480584517
7.5,0.6,44,48,-36.3119619885314
7.5,0.6,44,50,-36.0756786241462
7.5,0.6,44,52,-35.8587262188583
7.5,0.6,44,54,-35.6600675054204
7.5,0.6,44,56,-35.4786933538779
7.5,0.6,44,58,-35.3136204152765
7.5,0.6,44,60,-35.1638921030184
7.5,0.6,44,62,-35.0285822605619
7.5,0.6,44,64,-34.9068008585298
7.5,0.6,44,66,-34.7977010655736
7.5,0.6,44,68,-34.7004870526924
7.5,0.6,44,70,-34.6144219251601
7.5,0.6,44,72,-34.538835232489
7.5,0.6,44,74,-34.4731295851724
7.5,0.6,44,76,-34.4167860050017
7.5,0.6,44,78,-34.3693677488972
7.5,0.6,44,80,-34.3305224678973
7.5,0.6,44,82,-34.2999826854911
7.5,0.6,44,84,-34.2775646947874
7.5,0.6,44,86,-34.2631660745958
7.5,0.6,44,88,-34.256762104238
7.5,0.6,44,90,-34.258401411669
7.5,0.6,44,92,-34.2682012174229
7.5,0.6,44,94,-34.2863425384237
7.5,0.6,44,96,-34.3130656931918
7.5,0.6,44,98,-34.3486664072654
7.5,0.6,44,100,-34.3934927594303
7.5,0.6,44,102,-34.4479431405958
7.5,0.6,44,104,-34.512465322731
7.5,0.6,44,106,-34.5875566597429
7.5,0.6,44,108,-34.6737653697863
7.5,0.6,44,110,-34.7716927834592
7.5,0.6,44,112,-34.8819963891121
7.5,0.6,44,114,-35.0053934700959
7.5,0.6,44,116,-35.1426651148247
7.5,0.6,44,118,-35.2946603951143
7.5,0.6,44,120,-35.4623005573354
7.5,0.6,44,122,-35.6465831595682
7.5,0.6,44,124,-35.8485862194843
7.5,0.6,44,126,-36.0694726130986
7.5,0.6,44,128,-36.3104951824492
7.5,0.6,44,130,-36.5730032677722
7.5,0.6,44,132,-36.8584516742902
7.5,0.6,44,134,-37.1684134160923
7.5,0.6,44,136,-37.504597957736
7.5,0.6,44,138,-37.868877118297
7.5,0.6,44,140,-38.2633213509511
7.5,0.6,44,142,-38.6902498281795
7.5,0.6,44,144,-39.1522987500116
7.5,0.6,44,146,-39.6525137065778
7.5,0.6,44,148,-40.1944740052863
7.5,0.6,44,150,-40.7824599835008
7.5,0.6,44,152,-41.4216790353399
7.5,0.6,44,154,-42.1185732567208
7.5,0.6,44,156,-42.8812425584296
7.5,0.6,44,158,-43.720033586859
7.5,0.6,44,160,-44.6483685282286
7.5,0.6,44,162,-45.6839173378338
7.5,0.6,44,164,-46.8502335342499
7.5,0.6,44,166,-48.1788835635999
7.5,0.6,44,168,-49.7114842338569
7.5,0.6,44,170,-51.4980588139789
7.5,0.6,44,172,-53.5743134951292
7.5,0.6,44,174,-55.842200408809
7.5,0.6,44,176,-57.6559209607729
7.5,0.6,44,178,-57.6591198666225
7.5,0.6,44,180,-55.8640995769459
10,0.6,44,0,-59.9381063992794
10,0.6,44,2,-56.9362655911912
10,0.6,44,4,-54.1203230219344
10,0.6,44,6,-51.8320333911457
10,0.6,44,8,-49.9619911993041
10,0.6,44,10,-48.395755462093
10,0.6,44,12,-47.0531802915492
10,0.6,44,14,-45.8801437137912
10,0.6,44,16,-44.8394760635609
10,0.6,44,18,-43.9049763760906
10,0.6,44,20,-43.0577008018767
10,0.6,44,22,-42.2836401740434
10,0.6,44,24,-41.5722284933442
10,0.6,44,26,-40.9153563214763
10,0.6,44,28,-40.3066992396841
10,0.6,44,30,-39.7412487476167
10,0.6,44,32,-39.2149770967794
10,0.6,44,34,-38.7245932779483
10,0.6,44,36,-38.2673627438687
10,0.6,44,38,-37.8409728427355
10,0.6,44,40,-37.4434318104963
10,0.6,44,42,-37.0729929134314
10,0.6,44,44,-36.7280977597277
10,0.6,44,46,-36.4073343974894
10,0.6,44,48,-36.1094068874449
10,0.6,44,50,-35.833113771784
10,0.6,44,52,-35.577333378955
10,0.6,44,54,-35.3410142878398
10,0.6,44,56,-35.1231695749143
10,0.6,44,58,-34.9228737164602
10,0.6,44,60,-34.7392612324558
10,0.6,44,62,-34.5715263478965
10,0.6,44,64,-34.4189231136483
10,0.6,44,66,-34.2807655723827
10,0.6,44,68,-34.1564276750953
10,0.6,44,70,-34.0453427506826
10,0.6,44,72,-33.9470024074132
10,0.6,44,74,-33.8609548050502
10,0.6,44,76,-33.7868022851401
10,0.6,44,78,-33.7241983899535
10,0.6,44,80,-33.6728443421275
10,0.6,44,82,-33.6324850997247
10,0.6,44,84,-33.6029051454064
10,0.6,44,86,-33.5839242116481
10,0.6,44,88,-33.5753931824971
10,0.6,44,90,-33.5771904413344
10,0.6,44,92,-33.5892189483394
10,0.6,44,94,-33.6114043264705
10,0.6,44,96,-33.6436942078592
10,0.6,44,98,-33.6860590426409
10,0.6,44,100,-33.7384945007867
10,0.6,44,102,-33.8010255081958
10,0.6,44,104,-33.8737118570843
10,0.6,44,106,-33.9566552253539
10,0.6,44,108,-34.0500073392391
10,0.6,44,110,-34.1539789277721
10,0.6,44,112,-34.2688490558483
10,0.6,44,114,-34.3949743930448
10,0.6,44,116,-34.5327979838228
10,0.6,44,118,-34.682857134452
10,0.6,44,120,-34.8457901227987
10,0.6,44,122,-35.0223415656987
10,0.6,44,124,-35.2133664390417
10,0.6,44,126,-35.4198329303556
10,0.6,44,128,-35.6428245047987
10,0.6,44,130,-35.8835417765956
10,0.6,44,132,-36.1433049956083
10,0.6,44,134,-36.4235581839945
10,0.6,44,136,-36.7258761978493
10,0.6,44,138,-37.0519762579754
10,0.6,44,140,-37.4037358163825
10,0.6,44,142,-37.7832190365644
10,0.6,44,144,-38.1927147177638
10,0.6,44,146,-38.6347892606976
10,0.6,44,148,-39.1123593626883
10,0.6,44,150,-39.6287907031902
10,0.6,44,152,-40.188031174008
10,0.6,44,154,-40.794790576784
10,0.6,44,156,-41.4547836730972
10,0.6,44,158,-42.1750607460115
10,0.6,44,160,-42.9644602406026
10,0.6,44,162,-43.8342319335708
10,0.6,44,164,-44.7988938235471
10,0.6,44,166,-45.8773866946145
10,0.6,44,168,-47.0945155364382
10,0.6,44,170,-48.4822765168018
10,0.6,44,172,-50.0790172347694
10,0.6,44,174,-51.9176835927136
10,0.6,44,176,-53.9685096715971
10,0.6,44,178,-55.9298394409387
10,0.6,44,180,-56.8777561883776
12.5,0.6,44,0,-57.6857728907195
12.5,0.6,44,2,-54.907790678955
12.5,0.6,44,4,-52.3977464585436
12.5,0.6,44,6,-50.3221472331765
12.5,0.6,44,8,-48.5979695779686
12.5,0.6,44,10,-47.1383310991017
12.5,0.6,44,12,-45.8794773245139
12.5,0.6,44,14,-44.7766519641943
12.5,0.6,44,16,-43.7981425153023
12.5,0.6,44,18,-42.9209919225278
12.5,0.6,44,20,-42.1281905394363
12.5,0.6,44,22,-41.4068515890073
12.5,0.6,44,24,-40.747007206431
12.5,0.6,44,26,-40.1407966892973
12.5,0.6,44,28,-39.5819071915512
12.5,0.6,44,30,-39.0651807901149
12.5,0.6,44,32,-38.5863339323964
12.5,0.6,44,34,-38.1417546008303
12.5,0.6,44,36,-37.7283543742247
12.5,0.6,44,38,-37.3434599711917
12.5,0.6,44,40,-36.9847335907669
12.5,0.6,44,42,-36.6501144508792
12.5,0.6,44,44,-36.3377759807871
12.5,0.6,44,46,-36.0460945228762
12.5,0.6,44,48,-35.7736263761384
12.5,0.6,44,50,-35.5190907185644
12.5,0.6,44,52,-35.2813564772528
12.5,0.6,44,54,-35.0594316379697
12.5,0.6,44,56,-34.8524538409304
12.5,0.6,44,58,-34.6596814197729
12.5,0.6,44,60,-34.4804843160728
12.5,0.6,44,62,-34.3143345435815
12.5,0.6,44,64,-34.1607960812425
12.5,0.6,44,66,-34.0195142375477
12.5,0.6,44,68,-33.8902046483357
12.5,0.6,44,70,-33.7726421465616
12.5,0.6,44,72,-33.6666497804827
12.5,0.6,44,74,-33.5720882636877
12.5,0.6,44,76,-33.4888461254905
12.5,0.6,44,78,-33.4168308022977
12.5,0.6,44,80,-33.355960876899
12.5,0.6,44,82,-33.3061596380596
12.5,0.6,44,84,-33.267350099477
12.5,0.6,44,86,-33.2394515850041
12.5,0.6,44,88,-33.2223779544513
12.5,0.6,44,90,-33.2160375091565
12.5,0.6,44,92,-33.2203345771606
12.5,0.6,44,94,-33.2351727337026
12.5,0.6,44,96,-33.2604595648393
12.5,0.6,44,98,-33.296112832877
12.5,0.6,44,100,-33.3420678557654
12.5,0.6,44,102,-33.3982858730251
12.5,0.6,44,104,-33.4647631422758
12.5,0.6,44,106,-33.5415404960534
12.5,0.6,44,108,-33.6287130896647
12.5,0.6,44,110,-33.7264400867383
12.5,0.6,44,112,-33.8349540575612
12.5,0.6,44,114,-33.9545699030464
12.5,0.6,44,116,-34.085693161172
12.5,0.6,44,118,-34.2288276012226
12.5,0.6,44,120,-34.3845820645182
12.5,0.6,44,122,-34.5536765712957
12.5,0.6,44,124,-34.7369477867026
12.5,0.6,44,126,-34.9353540299961
12.5,0.6,44,128,-35.1499801251197
12.5,0.6,44,130,-35.3820425315065
12.5,0.6,44,132,-35.6328953632889
12.5,0.6,44,134,-35.9040381045078
12.5,0.6,44,136,-36.1971260606257
12.5,0.6,44,138,-36.513984861095
12.5,0.6,44,140,-36.8566306620591
12.5,0.6,44,142,-37.2272981254541
12.5,0.6,44,144,-37.628478824751
12.5,0.6,44,146,-38.0629735311396
12.5,0.6,44,148,-38.5339629903424
12.5,0.6,44,150,-39.0451034913668
12.5,0.6,44,152,-39.6006560240458
12.5,0.6,44,154,-40.2056615246972
12.5,0.6,44,156,-40.8661802173116
12.5,0.6,44,158,-41.58962123389
12.5,0.6,44,160,-42.3852006598822
12.5,0.6,44,162,-43.2645828590228
12.5,0.6,44,164,-44.2427801314916
12.5,0.6,44,166,-45.3393976429166
12.5,0.6,44,168,-46.5802592419365
12.5,0.6,44,170,-47.9991079617726
12.5,0.6,44,172,-49.6375066992625
12.5,0.6,44,174,-51.5343365548811
12.5,0.6,44,176,-53.6686248870434
12.5,0.6,44,178,-55.7347314901895
12.5,0.6,44,180,-56.7321326849543
15,0.6,44,0,-57.3806951162864
15,0.6,44,2,-58.9428896341949
15,0.6,44,4,-57.067614626968
15,0.6,44,6,-54.0794037147166
15,0.6,44,8,-51.474685803057
15,0.6,44,10,-49.3524346113914
15,0.6,44,12,-47.6011986736677
15,0.6,44,14,-46.1237316691173
15,0.6,44,16,-44.8521484833925
15,0.6,44,18,-43.7398546008727
15,0.6,44,20,-42.7542248407306
15,0.6,44,22,-41.8717945539556
15,0.6,44,24,-41.0752361976757
15,0.6,44,26,-40.3514399764084
15,0.6,44,28,-39.6902664235358
15,0.6,44,30,-39.0837142062958
15,0.6,44,32,-38.5253509009804
15,0.6,44,34,-38.0099148720064
15,0.6,44,36,-37.5330315273586
15,0.6,44,38,-37.0910080447902
15,0.6,44,40,-36.6806832638444
15,0.6,44,42,-36.2993172203923
15,0.6,44,44,-35.9445096933567
15,0.6,44,46,-35.6141402594698
15,0.6,44,48,-35.3063243817924
15,0.6,44,50,-35.0193814039107
15,0.6,44,52,-34.7518112446751
15,0.6,44,54,-34.5022772546593
15,0.6,44,56,-34.2695932108707
15,0.6,44,58,-34.0527128546529
15,0.6,44,60,-33.8507207540544
15,0.6,44,62,-33.6628236109783
15,0.6,44,64,-33.4883414373013
15,0.6,44,66,-33.3266982884682
15,0.6,44,68,-33.1774124618753
15,0.6,44,70,-33.0400862365097
15,0.6,44,72,-32.9143953492763
15,0.6,44,74,-32.8000784756206
15,0.6,44,76,-32.6969270139458
15,0.6,44,78,-32.6047754732235
15,0.6,44,80,-32.5234927396974
15,0.6,44,82,-32.4529744594386
15,0.6,44,84,-32.3931367249826
15,0.6,44,86,-32.3439112008985
15,0.6,44,88,-32.3052417679476
15,0.6,44,90,-32.2770827103518
15,0.6,44,92,-32.2593984168104
15,0.6,44,94,-32.2521645141178
15,0.6,44,96,-32.2553703033647
15,0.6,44,98,-32.2690223236769
15,0.6,44,100,-32.2931488284078
15,0.6,44,102,-32.3278049250864
15,0.6,44,104,-32.3730781049425
15,0.6,44,106,-32.4290938725283
15,0.6,44,108,-32.4960211831323
15,0.6,44,110,-32.5740774077953
15,0.6,44,112,-32.6635325751948
15,0.6,44,114,-32.7647126884133
15,0.6,44,116,-32.8780019837241
15,0.6,44,118,-33.0038440876434
15,0.6,44,120,-33.1427421353945
15,0.6,44,122,-33.2952580342586
15,0.6,44,124,-33.462011182746
15,0.6,44,126,-33.6436770834038
15,0.6,44,128,-33.8409864053757
15,0.6,44,130,-34.0547251557646
15,0.6,44,132,-34.2857367025867
15,0.6,44,134,-34.5349264576059
15,0.6,44,136,-34.803270081843
15,0.6,44,138,-35.0918261348041
15,0.6,44,140,-35.4017541733329
15,0.6,44,142,-35.7343394489029
15,0.6,44,144,-36.0910255938624
15,0.6,44,146,-36.473457079591
15,0.6,44,148,-36.8835338409083
15,0.6,44,150,-37.3234813862713
15,0.6,44,152,-37.795941093978
15,0.6,44,154,-38.3040874559028
15,0.6,44,156,-38.8517821457621
15,0.6,44,158,-39.4437795967305
15,0.6,44,160,-40.0860063883294
15,0.6,44,162,-40.7859491572988
15,0.6,44,164,-41.5532066168484
15,0.6,44,166,-42.4002975083567
15,0.6,44,168,-43.3438814513296
15,0.6,44,170,-44.4066710771412
15,0.6,44,172,-45.6205482609909
15,0.6,44,174,-47.031861028108
15,0.6,44,176,-48.7107746427277
15,0.6,44,178,-50.7678723113917
15,0.6,44,180,-53.3784527339667
5,0.6,90,0,-60.4350395970726
5,0.6,90,2,-63.6458254097823
5,0.6,90,4,-62.0544532507024
5,0.6,90,6,-58.2836043012021
5,0.6,90,8,-55.1943970892796
5,0.6,90,10,-52.7999803592859
5,0.6,90,12,-50.8803015535182
5,0.6,90,14,-49.2874302707022
5,0.6,90,16,-47.9294436957597
5,0.6,90,18,-46.7473902765709
5,0.6,90,20,-45.7018098415425
5,0.6,90,22,-44.76524334377
5,0.6,90,24,-43.9179471165688
5,0.6,90,26,-43.1453338027887
5,0.6,90,28,-42.4363785465528
5,0.6,90,30,-41.782587537035
5,0.6,90,32,-41.1773073609044
5,0.6,90,34,-40.6152485159566
5,0.6,90,36,-40.0921480105851
5,0.6,90,38,-39.604525049023
5,0.6,90,40,-39.1495007573751
5,0.6,90,42,-38.7246630986997
5,0.6,90,44,-38.3279644233517
5,0.6,90,46,-37.957643088948
5,0.6,90,48,-37.6121631670063
5,0.6,90,50,-37.2901679610006
5,0.6,90,52,-36.9904442124297
5,0.6,90,54,-36.7118946638801
5,0.6,90,56,-36.4535172042241
5,0.6,90,58,-36.2143892196452
5,0.6,90,60,-35.9936560659685
5,0.6,90,62,-35.7905227959641
5,0.6,90,64,-35.6042484417134
5,0.6,90,66,-35.4341422811582
5,0.6,90,68,-35.2795616191911
5,0.6,90,70,-35.1399106935244
5,0.6,90,72,-35.0146403786527
5,0.6,90,74,-34.903248410869
5,0.6,90,76,-34.8052798963402
5,0.6,90,78,-34.7203278952536
5,0.6,90,80,-34.6480339005386
5,0.6,90,82,-34.5880880521673
5,0.6,90,84,-34.5402289499935
5,0.6,90,86,-34.5042429517765
5,0.6,90,88,-34.4799628703366
5,0.6,90,90,-34.467266016043
5,0.6,90,92,-34.4660715686574
5,0.6,90,94,-34.4763373057534
5,0.6,90,96,-34.4980557624588
5,0.6,90,98,-34.5312499472966
5,0.6,90,100,-34.5759687889276
5,0.6,90,102,-34.6322825356512
5,0.6,90,104,-34.7002783703536
5,0.6,90,106,-34.7800565349546
5,0.6,90,108,-34.8717272772692
5,0.6,90,110,-34.9754089370291
5,0.6,90,112,-35.0912274748192
5,0.6,90,114,-35.2193177170808
5,0.6,90,116,-35.3598265426365
5,0.6,90,118,-35.5129181734707
5,0.6,90,120,-35.6787816586148
5,0.6,90,122,-35.8576405607971
5,0.6,90,124,-36.0497647788316
5,0.6,90,126,-36.2554843742046
5,0.6,90,128,-36.4752052290373
5,0.6,90,130,-36.709426356473
5,0.6,90,132,-36.9587587255495
5,0.6,90,134,-37.223945562221
5,0.6,90,136,-37.5058842569236
5,0.6,90,138,-37.8056502568477
5,0.6,90,140,-38.124523658586
5,0.6,90,142,-38.4640196582958
5,0.6,90,144,-38.8259245846701
5,0.6,90,146,-39.2123399736058
5,0.6,90,148,-39.6257381091363
5,0.6,90,150,-40.0690337656189
5,0.6,90,152,-40.5456787292784
5,0.6,90,154,-41.059788364801
5,0.6,90,156,-41.6163135443789
5,0.6,90,158,-42.2212775497915
5,0.6,90,160,-42.8821076020273
5,0.6,90,162,-43.608107120671
5,0.6,90,164,-44.411142429546
5,0.6,90,166,-45.3066650848988
5,0.6,90,168,-46.3152740748793
5,0.6,90,170,-47.4651678805832
5,0.6,90,172,-48.7960797625496
5,0.6,90,174,-50.3655970221037
5,0.6,90,176,-52.2584308001002
5,0.6,90,178,-54.5923870504546
5,0.6,90,180,-57.4560351570435
7.5,0.6,90,0,-54.9500624270445
7.5,0.6,90,2,-55.0352960179543
7.5,0.6,90,4,-54.0422813818059
7.5,0.6,90,6,-52.499995419869
7.5,0.6,90,8,-50.8702120238605
7.5,0.6,90,10,-49.345256172295
7.5,0.6,90,12,-47.971987745987
7.5,0.6,90,14,-46.7462196724818
7.5,0.6,90,16,-45.6502598675193
7.5,0.6,90,18,-44.6651904295184
7.5,0.6,90,20,-43.7743063070287
7.5,0.6,90,22,-42.9637002173237
7.5,0.6,90,24,-42.2220078478965
7.5,0.6,90,26,-41.5399708128429
7.5,0.6,90,28,-40.9100197281437
7.5,0.6,90,30,-40.325928209893
7.5,0.6,90,32,-39.782540041904
7.5,0.6,90,34,-39.2755582526862
7.5,0.6,90,36,-38.801382949602
7.5,0.6,90,38,-38.3569863385804
7.5,0.6,90,40,-37.9398156394736
7.5,0.6,90,42,-37.5477167205027
7.5,0.6,90,44,-37.1788730133969
7.5,0.6,90,46,-36.8317556418862
7.5,0.6,90,48,-36.5050817636314
7.5,0.6,90,50,-36.1977789547069
7.5,0.6,90,52,-35.9089541087264
7.5,0.6,90,54,-35.6378658180021
7.5,0.6,90,56,-35.3838995792819
7.5,0.6,90,58,-35.146545442001
7.5,0.6,90,60,-34.9253779088832
7.5,0.6,90,62,-34.7200380213535
7.5,0.6,90,64,-34.5302176288327
7.5,0.6,90,66,-34.3556458642693
7.5,0.6,90,68,-34.19607784017
7.5,0.6,90,70,-34.051285550813
7.5,0.6,90,72,-33.9210509266508
7.5,0.6,90,74,-33.8051609437497
7.5,0.6,90,76,-33.7034046501312
7.5,0.6,90,78,-33.6155719358815
7.5,0.6,90,80,-33.5414538469744
7.5,0.6,90,82,-33.4808442246378
7.5,0.6,90,84,-33.4335424424952
7.5,0.6,90,86,-33.3993570116719
7.5,0.6,90,88,-33.3781098283057
7.5,0.6,90,90,-33.3696408470979
7.5,0.6,90,92,-33.3738129775001
7.5,0.6,90,94,-33.3905170149145
7.5,0.6,90,96,-33.4196764372632
7.5,0.6,90,98,-33.461251917131
7.5,0.6,90,100,-33.5152454213103
7.5,0.6,90,102,-33.5817037930605
7.5,0.6,90,104,-33.6607217378851
7.5,0.6,90,106,-33.7524441613075
7.5,0.6,90,108,-33.8570678371171
7.5,0.6,90,110,-33.9748424169701
7.5,0.6,90,112,-34.1060708271267
7.5,0.6,90,114,-34.251109135603
7.5,0.6,90,116,-34.4103660132892
7.5,0.6,90,118,-34.5843019559752
7.5,0.6,90,120,-34.7734284812618
7.5,0.6,90,122,-34.9783075657907
7.5,0.6,90,124,-35.1995516451736
7.5,0.6,90,126,-35.4378245628418
7.5,0.6,90,128,-35.6938439266354
7.5,0.6,90,130,-35.9683854157801
7.5,0.6,90,132,-36.262289679331
7.5,0.6,90,134,-36.5764725849089
7.5,0.6,90,136,-36.9119397203367
7.5,0.6,90,138,-37.2698062303414
7.5,0.6,90,140,-37.6513233000367
7.5,0.6,90,142,-38.05791289732
7.5,0.6,90,144,-38.4912127881969
7.5,0.6,90,146,-38.9531343870892
7.5,0.6,90,148,-39.4459367629973
7.5,0.6,90,150,-39.9723211837353
7.5,0.6,90,152,-40.5355520701399
7.5,0.6,90,154,-41.1396123109786
7.5,0.6,90,156,-41.7894037295772
7.5,0.6,90,158,-42.4910071775257
7.5,0.6,90,160,-43.2520209166094
7.5,0.6,90,162,-44.0819988408759
7.5,0.6,90,164,-44.9930053299061
7.5,0.6,90,166,-46.0002706964894
7.5,0.6,90,168,-47.1228059671188
7.5,0.6,90,170,-48.383412956729
7.5,0.6,90,172,-49.8061384463532
7.5,0.6,90,174,-51.4047217681774
7.5,0.6,90,176,-53.1420057837946
7.5,0.6,90,178,-54.813244602516
7.5,0.6,90,180,-55.8640995769459
10,0.6,90,0,-59.9381063992794
10,0.6,90,2,-56.2038244569092
10,0.6,90,4,-53.3618034660729
10,0.6,90,6,-51.1568195789166
10,0.6,90,8,-49.3737244157473
10,0.6,90,10,-47.8826336883104
10,0.6,90,12,-46.6037316481535
10,0.6,90,14,-45.4854905019295
10,0.6,90,16,-44.4930524131501
10,0.6,90,18,-43.6018834975096
10,0.6,90,20,-42.7941384760603
10,0.6,90,22,-42.0564766103428
10,0.6,90,24,-41.3786922700888
10,0.6,90,26,-40.7528236904243
10,0.6,90,28,-40.1725539238276
10,0.6,90,30,-39.6327967790113
10,0.6,90,32,-39.129403582278
10,0.6,90,34,-38.6589510448261
10,0.6,90,36,-38.2185849028952
10,0.6,90,38,-37.8059027335355
10,0.6,90,40,-37.4188648104432
10,0.6,90,42,-37.055725370764
10,0.6,90,44,-36.7149789707401
10,0.6,90,46,-36.3953181605305
10,0.6,90,48,-36.0955997748932
10,0.6,90,50,-35.8148178821978
10,0.6,90,52,-35.5520819635373
10,0.6,90,54,-35.3065992732827
10,0.6,90,56,-35.0776606058977
10,0.6,90,58,-34.8646288903604
10,0.6,90,60,-34.6669301731172
10,0.6,90,62,-34.4840466472547
10,0.6,90,64,-34.3155114499386
10,0.6,90,66,-34.1609049900875
10,0.6,90,68,-34.0198525901257
10,0.6,90,70,-33.8920232347842
10,0.6,90,72,-33.7771292208115
10,0.6,90,74,-33.6749264980276
10,0.6,90,76,-33.5852154877479
10,0.6,90,78,-33.5078421620578
10,0.6,90,80,-33.4426991690215
10,0.6,90,82,-33.3897267963887
10,0.6,90,84,-33.3489135808736
10,0.6,90,86,-33.3202963922049
10,0.6,90,88,-33.3039598508812
10,0.6,90,90,-33.3000349754261
10,0.6,90,92,-33.3086969979587
10,0.6,90,94,-33.3301623347699
10,0.6,90,96,-33.3646847497564
10,0.6,90,98,-33.412550801298
10,0.6,90,100,-33.4740747157141
10,0.6,90,102,-33.5495928811045
10,0.6,90,104,-33.6394582025822
10,0.6,90,106,-33.7440346022522
10,0.6,90,108,-33.8636919835676
10,0.6,90,110,-33.9988020089452
10,0.6,90,112,-34.1497350609969
10,0.6,90,114,-34.3168587709995
10,0.6,90,116,-34.5005385031875
10,0.6,90,118,-34.7011401805431
10,0.6,90,120,-34.9190358281404
10,0.6,90,122,-35.1546121960043
10,0.6,90,124,-35.408282808574
10,0.6,90,126,-35.6805037779659
10,0.6,90,128,-35.9717937216929
10,0.6,90,130,-36.2827581541558
10,0.6,90,132,-36.6141187912982
10,0.6,90,134,-36.9667483411847
10,0.6,90,136,-37.3417115793505
10,0.6,90,138,-37.740313866453
10,0.6,90,140,-38.1641588123396
10,0.6,90,142,-38.6152176041619
10,0.6,90,144,-39.0959137137149
10,0.6,90,146,-39.6092284604442
10,0.6,90,148,-40.158835516044
10,0.6,90,150,-40.7492763567949
10,0.6,90,152,-41.3861946696397
10,0.6,90,154,-42.0766570997726
10,0.6,90,156,-42.8296027302285
10,0.6,90,158,-43.6564881881987
10,0.6,90,160,-44.5722359485981
10,0.6,90,162,-45.5966611238005
10,0.6,90,164,-46.7566610437302
10,0.6,90,166,-48.0896011924195
10,0.6,90,168,-49.6483783961764
10,0.6,90,170,-51.5075440644866
10,0.6,90,172,-53.7609247804549
10,0.6,90,174,-56.4415653297045
10,0.6,90,176,-58.9906312400055
10,0.6,90,178,-59.2495438181669
10,0.6,90,180,-56.8777561883776
12.5,0.6,90,0,-57.6857728907195
12.5,0.6,90,2,-54.7563625323759
12.5,0.6,90,4,-52.280115224706
12.5,0.6,90,6,-50.2711977516493
12.5,0.6,90,8,-48.6132045847303
12.5,0.6,90,10,-47.2128598912552
12.5,0.6,90,12,-46.0056881800155
12.5,0.6,90,14,-44.9473063941033
12.5,0.6,90,16,-44.0064632725627
12.5,0.6,90,18,-43.1605605521264
12.5,0.6,90,20,-42.3928450135145
12.5,0.6,90,22,-41.6906216943927
12.5,0.6,90,24,-41.0440874727182
12.5,0.6,90,26,-40.4455485083673
12.5,0.6,90,28,-39.8888813610697
12.5,0.6,90,30,-39.3691530707982
12.5,0.6,90,32,-38.8823477479216
12.5,0.6,90,34,-38.4251663438957
12.5,0.6,90,36,-37.9948778551699
12.5,0.6,90,38,-37.5892073829016
12.5,0.6,90,40,-37.2062510102665
12.5,0.6,90,42,-36.8444104027763
12.5,0.6,90,44,-36.5023419986185
12.5,0.6,90,46,-36.1789170051145
12.5,0.6,90,48,-35.8731893786565
12.5,0.6,90,50,-35.5843696759102
12.5,0.6,90,52,-35.311803206621
12.5,0.6,90,54,-35.0549513426748
12.5,0.6,90,56,-34.8133751733786
12.5,0.6,90,58,-34.5867209605302
12.5,0.6,90,60,-34.3747070494327
12.5,0.6,90,62,-34.1771120412023
12.5,0.6,90,64,-33.9937641340824
12.5,0.6,90,66,-33.8245316036352
12.5,0.6,90,68,-33.6693144206838
12.5,0.6,90,70,-33.5280370091467
12.5,0.6,90,72,-33.4006421309206
12.5,0.6,90,74,-33.2870858589102
12.5,0.6,90,76,-33.1873335686249
12.5,0.6,90,78,-33.10135684899
12.5,0.6,90,80,-33.0291312085204
12.5,0.6,90,82,-32.970634436978
12.5,0.6,90,84,-32.9258454771583
12.5,0.6,90,86,-32.8947436675231
12.5,0.6,90,88,-32.8773082341304
12.5,0.6,90,90,-32.8735179389942
12.5,0.6,90,92,-32.883350830244
12.5,0.6,90,94,-32.9067840852627
12.5,0.6,90,96,-32.9437939888733
12.5,0.6,90,98,-32.9943561416563
12.5,0.6,90,100,-33.0584460453262
12.5,0.6,90,102,-33.136040259148
12.5,0.6,90,104,-33.2271183598935
12.5,0.6,90,106,-33.3316659640475
12.5,0.6,90,108,-33.4496790814006
12.5,0.6,90,110,-33.5811700609065
12.5,0.6,90,112,-33.7261753609303
12.5,0.6,90,114,-33.8847653265314
12.5,0.6,90,116,-34.0570560881773
12.5,0.6,90,118,-34.2432236140008
12.5,0.6,90,120,-34.4435198592836
12.5,0.6,90,122,-34.6582908735321
12.5,0.6,90,124,-34.8879966617009
12.5,0.6,90,126,-35.133232568712
12.5,0.6,90,128,-35.394751983804
12.5,0.6,90,130,-35.6734902621718
12.5,0.6,90,132,-35.9705899539567
12.5,0.6,90,134,-36.2874277323561
12.5,0.6,90,136,-36.6256438415017
12.5,0.6,90,138,-36.9871754631416
12.5,0.6,90,140,-37.3742961624618
12.5,0.6,90,142,-37.7896645733443
12.5,0.6,90,144,-38.2363868177079
12.5,0.6,90,146,-38.718098985801
12.5,0.6,90,148,-39.2390786105123
12.5,0.6,90,150,-39.804397913041
12.5,0.6,90,152,-40.4201374631696
12.5,0.6,90,154,-41.0936881236309
12.5,0.6,90,156,-41.8341840591185
12.5,0.6,90,158,-42.6531342855887
12.5,0.6,90,160,-43.5653619972251
12.5,0.6,90,162,-44.590432453209
12.5,0.6,90,164,-45.7548717416838
12.5,0.6,90,166,-47.0956699698454
12.5,0.6,90,168,-48.6657605743217
12.5,0.6,90,170,-50.5416662772167
12.5,0.6,90,172,-52.8271641159854
12.5,0.6,90,174,-55.5983158414623
12.5,0.6,90,176,-58.4343390372911
12.5,0.6,90,178,-59.0955777785477
12.5,0.6,90,180,-56.7321326849543
15,0.6,90,0,-57.3806951162864
15,0.6,90,2,-57.7390756149482
15,0.6,90,4,-55.5552758218691
15,0.6,90,6,-52.8971186602707
15,0.6,90,8,-50.5897123689811
15,0.6,90,10,-48.6738788674076
15,0.6,90,12,-47.0682549905304
15,0.6,90,14,-45.6987676105353
15,0.6,90,16,-44.5110890321341
15,0.6,90,18,-43.4664274759176
15,0.6,90,20,-42.5367428289766
15,0.6,90,22,-41.7013217660954
15,0.6,90,24,-40.9445077296245
15,0.6,90,26,-40.254207162444
15,0.6,90,28,-39.6208941855958
15,0.6,90,30,-39.0369353231091
15,0.6,90,32,-38.4961227047109
15,0.6,90,34,-37.9933456031718
15,0.6,90,36,-37.5243554563146
15,0.6,90,38,-37.0855950807704
15,0.6,90,40,-36.6740725154235
15,0.6,90,42,-36.2872661529844
15,0.6,90,44,-35.9230518958426
15,0.6,90,46,-35.579645820454
15,0.6,90,48,-35.2555577409514
15,0.6,90,50,-34.9495524225068
15,0.6,90,52,-34.6606161876811
15,0.6,90,54,-34.3879273943814
15,0.6,90,56,-34.1308298101159
15,0.6,90,58,-33.8888083074345
15,0.6,90,60,-33.6614665891583
15,0.6,90,62,-33.4485068410514
15,0.6,90,64,-33.2497113218085
15,0.6,90,66,-33.0649259513899
15,0.6,90,68,-32.8940459632979
15,0.6,90,70,-32.737003657645
15,0.6,90,72,-32.5937582417887
15,0.6,90,74,-32.4642876843607
15,0.6,90,76,-32.3485824454391
15,0.6,90,78,-32.2466408874381
15,0.6,90,80,-32.1584661233217
15,0.6,90,82,-32.0840640247581
15,0.6,90,84,-32.0234420951363
15,0.6,90,86,-31.9766089120772
15,0.6,90,88,-31.943573861168
15,0.6,90,90,-31.9243469161788
15,0.6,90,92,-31.9189382691828
15,0.6,90,94,-31.9273576742749
15,0.6,90,96,-31.9496134378762
15,0.6,90,98,-31.9857110633618
15,0.6,90,100,-32.0356516340988
15,0.6,90,102,-32.0994300929185
15,0.6,90,104,-32.1770336435303
15,0.6,90,106,-32.2684405564821
15,0.6,90,108,-32.3736197052625
15,0.6,90,110,-32.4925311836309
15,0.6,90,112,-32.6251283603305
15,0.6,90,114,-32.7713617097494
15,0.6,90,116,-32.9311847156041
15,0.6,90,118,-33.1045620795389
15,0.6,90,120,-33.2914803798571
15,0.6,90,122,-33.4919612222502
15,0.6,90,124,-33.706076812338
15,0.6,90,126,-33.9339677705336
15,0.6,90,128,-34.1758629180019
15,0.6,90,130,-34.4321007057541
15,0.6,90,132,-34.7031519559643
15,0.6,90,134,-34.9896436536353
15,0.6,90,136,-35.2923836834571
15,0.6,90,138,-35.6123866627385
15,0.6,90,140,-35.9509013838782
15,0.6,90,142,-36.3094408532853
15,0.6,90,144,-36.6898165032671
15,0.6,90,146,-37.0941788718602
15,0.6,90,148,-37.5250679219702
15,0.6,90,150,-37.9854772620223
15,0.6,90,152,-38.4789379321226
15,0.6,90,154,-39.0096292812548
15,0.6,90,156,-39.5825269893632
15,0.6,90,158,-40.2036017297352
15,0.6,90,160,-40.8800865045525
15,0.6,90,162,-41.6208360714465
15,0.6,90,164,-42.4368062508193
15,0.6,90,166,-43.3416770810399
15,0.6,90,168,-44.3526075077885
15,0.6,90,170,-45.4909608675356
15,0.6,90,172,-46.782315413177
15,0.6,90,174,-48.2532775744279
15,0.6,90,176,-49.9165542100888
15,0.6,90,178,-51.7170376512865
15,0.6,90,180,-53.3784527339667
5,0.6,136,0,-60.4350395970726
5,0.6,136,2,-61.2006832741443
5,0.6,136,4,-58.7546774278371
5,0.6,136,6,-55.7898276386075
5,0.6,136,8,-53.296469957267
5,0.6,136,10,-51.2647647020542
5,0.6,136,12,-49.579339891932
5,0.6,136,14,-48.1500595141125
5,0.6,136,16,-46.9149748140966
5,0.6,136,18,-45.8315533765452
5,0.6,136,20,-44.8698953965066
5,0.6,136,22,-44.0083878700458
5,0.6,136,24,-43.2309785318712
5,0.6,136,26,-42.5254389466083
5,0.6,136,28,-41.88223016435
5,0.6,136,30,-41.2937428151346
5,0.6,136,32,-40.7537761381968
5,0.6,136,34,-40.2571737977435
5,0.6,136,36,-39.7995654357618
5,0.6,136,38,-39.3771814068677
5,0.6,136,40,-38.9867193836978
5,0.6,136,42,-38.6252485023154
5,0.6,136,44,-38.290141133817
5,0.6,136,46,-37.9790252082438
5,0.6,136,48,-37.6897518693914
5,0.6,136,50,-37.4203744663015
5,0.6,136,52,-37.1691357186922
5,0.6,136,54,-36.934460479259
5,0.6,136,56,-36.714951955589
5,0.6,136,58,-36.5093896149482
5,0.6,136,60,-36.3167273189795
5,0.6,136,62,-36.1360905466307
5,0.6,136,64,-35.9667718722652
5,0.6,136,66,-35.8082241708393
5,0.6,136,68,-35.6600513147587
5,0.6,136,70,-35.5219963950785
5,0.6,136,72,-35.3939277300112
5,0.6,136,74,-35.2758231053177
5,0.6,136,76,-35.1677528172683
5,0.6,136,78,-35.0698621577317
5,0.6,136,80,-34.9823539958274
5,0.6,136,82,-34.9054720788865
5,0.6,136,84,-34.8394856073855
5,0.6,136,86,-34.7846755454259
5,0.6,136,88,-34.7413230213582
5,0.6,136,90,-34.7097000619737
5,0.6,136,92,-34.6900627958895
5,0.6,136,94,-34.6826471624753
5,0.6,136,96,-34.687667074787
5,0.6,136,98,-34.7053149094861
5,0.6,136,100,-34.7357641333681
5,0.6,136,102,-34.779173824011
5,0.6,136,104,-34.8356948003193
5,0.6,136,106,-34.9054770470085
5,0.6,136,108,-34.9886780958191
5,0.6,136,110,-35.0854720168961
5,0.6,136,112,-35.1960586785877
5,0.6,136,114,-35.3206729557077
5,0.6,136,116,-35.4595936079279
5,0.6,136,118,-35.6131516137274
5,0.6,136,120,-35.7817378324652
5,0.6,136,122,-35.9658099773322
5,0.6,136,124,-36.1658990131868
5,0.6,136,126,-36.3826152420611
5,0.6,136,128,-36.6166545010712
5,0.6,136,130,-36.8688050683902
5,0.6,136,132,-37.1399560502871
5,0.6,136,134,-37.4311082067395
5,0.6,136,136,-37.7433883706318
5,0.6,136,138,-38.0780688388815
5,0.6,136,140,-38.436593384842
5,0.6,136,142,-38.8206118933924
5,0.6,136,144,-39.2320261017671
5,0.6,136,146,-39.6730496097924
5,0.6,136,148,-40.1462863024489
5,0.6,136,150,-40.6548327504882
5,0.6,136,152,-41.202412234341
5,0.6,136,154,-41.7935510859781
5,0.6,136,156,-42.4338125123319
5,0.6,136,158,-43.1301095517447
5,0.6,136,160,-43.8911279578153
5,0.6,136,162,-44.72790167262
5,0.6,136,164,-45.6545953036652
5,0.6,136,166,-46.6895454462893
5,0.6,136,168,-47.8565397255534
5,0.6,136,170,-49.1859579502609
5,0.6,136,172,-50.7139603737104
5,0.6,136,174,-52.4722722015377
5,0.6,136,176,-54.4399458021407
5,0.6,136,178,-56.3689888600743
5,0.6,136,180,-57.4560351570435
7.5,0.6,136,0,-54.9500624270445
7.5,0.6,136,2,-57.7194638155119
7.5,0.6,136,4,-59.9983021920458
7.5,0.6,136,6,-59.4384203956573
7.5,0.6,136,8,-56.7433304564682
7.5,0.6,136,10,-54.0318176493378
7.5,0.6,136,12,-51.7648534845288
7.5,0.6,136,14,-49.8889425974144
7.5,0.6,136,16,-48.3086784485073
7.5,0.6,136,18,-46.9511098970455
7.5,0.6,136,20,-45.7652494623951
7.5,0.6,136,22,-44.7154633406895
7.5,0.6,136,24,-43.7763542481494
7.5,0.6,136,26,-42.929389162984
7.5,0.6,136,28,-42.1607239769567
7.5,0.6,136,30,-41.4597830643058
7.5,0.6,136,32,-40.8183118570899
7.5,0.6,136,34,-40.2297305373351
7.5,0.6,136,36,-39.6886839049603
7.5,0.6,136,38,-39.1907222896725
7.5,0.6,136,40,-38.7320721960411
7.5,0.6,136,42,-38.3094698628887
7.5,0.6,136,44,-37.9200399103027
7.5,0.6,136,46,-37.5612069388465
7.5,0.6,136,48,-37.2306316148374
7.5,0.6,136,50,-36.9261651810902
7.5,0.6,136,52,-36.6458179341046
7.5,0.6,136,54,-36.3877382918131
7.5,0.6,136,56,-36.1501998221523
7.5,0.6,136,58,-35.9315941295776
7.5,0.6,136,60,-35.7304278816927
7.5,0.6,136,62,-35.5453225529296
7.5,0.6,136,64,-35.3750157009891
7.5,0.6,136,66,-35.2183627972501
7.5,0.6,136,68,-35.0743388193649
7.5,0.6,136,70,-34.9420389919255
7.5,0.6,136,72,-34.8206782343033
7.5,0.6,136,74,-34.7095890449407
7.5,0.6,136,76,-34.6082177169011
7.5,0.6,136,78,-34.516118936176
7.5,0.6,136,80,-34.4329489559975
7.5,0.6,136,82,-34.3584576601084
7.5,0.6,136,84,-34.2924799186598
7.5,0.6,136,86,-34.2349266965824
7.5,0.6,136,88,-34.185776392755
7.5,0.6,136,90,-34.1450668689385
7.5,0.6,136,92,-34.1128885732489
7.5,0.6,136,94,-34.089379079615
7.5,0.6,136,96,-34.0747192598938
7.5,0.6,136,98,-34.0691311877834
7.5,0.6,136,100,-34.072877752198
7.5,0.6,136,102,-34.0862638405872
7.5,0.6,136,104,-34.1096388469953
7.5,0.6,136,106,-34.1434001714689
7.5,0.6,136,108,-34.1879973115508
7.5,0.6,136,110,-34.2439361067766
7.5,0.6,136,112,-34.3117826860169
7.5,0.6,136,114,-34.392166686913
7.5,0.6,136,116,-34.4857833671185
7.5,0.6,136,118,-34.5933943079093
7.5,0.6,136,120,-34.7158265198626
7.5,0.6,136,122,-34.8539698941703
7.5,0.6,136,124,-35.0087730969288
7.5,0.6,136,126,-35.1812381718052
7.5,0.6,136,128,-35.3724142930896
7.5,0.6,136,130,-35.5833912914305
7.5,0.6,136,132,-35.8152937554587
7.5,0.6,136,134,-36.0692766938472
7.5,0.6,136,136,-36.3465239276781
7.5,0.6,136,138,-36.6482505803655
7.5,0.6,136,140,-36.975711255325
7.5,0.6,136,142,-37.3302157602651
7.5,0.6,136,144,-37.7131545805318
7.5,0.6,136,146,-38.1260367646249
7.5,0.6,136,148,-38.5705435257706
7.5,0.6,136,150,-39.0486017811272
7.5,0.6,136,152,-39.5624831982426
7.5,0.6,136,154,-40.1149363454358
7.5,0.6,136,156,-40.7093626591611
7.5,0.6,136,158,-41.3500518351472
7.5,0.6,136,160,-42.0425000942799
7.5,0.6,136,162,-42.7938476059803
7.5,0.6,136,164,-43.6134927766921
7.5,0.6,136,166,-44.5139776117748
7.5,0.6,136,168,-45.5123016303513
7.5,0.6,136,170,-46.6319322392427
7.5,0.6,136,172,-47.9059670308309
7.5,0.6,136,174,-49.3821758367155
7.5,0.6,136,176,-51.1307249975507
7.5,0.6,136,178,-53.2527804213582
7.5,0.6,136,180,-55.8640995769459
10,0.6,136,0,-59.9381063992794
10,0.6,136,2,-56.5935565973184
10,0.6,136,4,-53.7458018782823
10,0.6,136,6,-51.4788612237732
10,0.6,136,8,-49.6334397215963
10,0.6,136,10,-48.0878115335216
10,0.6,136,12,-46.7621656133922
10,0.6,136,14,-45.6038533149636
10,0.6,136,16,-44.5770735359461
10,0.6,136,18,-43.6566927336486
10,0.6,136,20,-42.8245495503523
10,0.6,136,22,-42.0671816202232
10,0.6,136,24,-41.3743788402687
10,0.6,136,26,-40.7382319285228
10,0.6,136,28,-40.152488067753
10,0.6,136,30,-39.6121034273115
10,0.6,136,32,-39.1129259837456
10,0.6,136,34,-38.6514671827404
10,0.6,136,36,-38.2247358706444
10,0.6,136,38,-37.8301169808918
10,0.6,136,40,-37.4652831022217
10,0.6,136,42,-37.1281306407362
10,0.6,136,44,-36.8167346044825
10,0.6,136,46,-36.5293175584133
10,0.6,136,48,-36.2642293102547
10,0.6,136,50,-36.0199345800101
10,0.6,136,52,-35.7950064000623
10,0.6,136,54,-35.5881233711118
10,0.6,136,56,-35.3980692156196
10,0.6,136,58,-35.2237333583895
10,0.6,136,60,-35.0641115406087
10,0.6,136,62,-34.9183057437065
10,0.6,136,64,-34.7855229584533
10,0.6,136,66,-34.6650725732909
10,0.6,136,68,-34.5563623629302
10,0.6,136,70,-34.4588932244328
10,0.6,136,72,-34.3722529278266
10,0.6,136,74,-34.2961092211408
10,0.6,136,76,-34.2302026594689
10,0.6,136,78,-34.1743395215324
10,0.6,136,80,-34.1283851441462
10,0.6,136,82,-34.0922579539173
10,0.6,136,84,-34.0659244141311
10,0.6,136,86,-34.0493950388505
10,0.6,136,88,-34.0427215595291
10,0.6,136,90,-34.0459952640953
10,0.6,136,92,-34.0593464657989
10,0.6,136,94,-34.082945000235
10,0.6,136,96,-34.1170015954412
10,0.6,136,98,-34.161769914098
10,0.6,136,100,-34.2175490317337
10,0.6,136,102,-34.2846860940157
10,0.6,136,104,-34.3635788932829
10,0.6,136,106,-34.454678122481
10,0.6,136,108,-34.558489105484
10,0.6,136,110,-34.6755728667983
10,0.6,136,112,-34.8065464894597
10,0.6,136,114,-34.9520828145657
10,0.6,136,116,-35.1129096550936
10,0.6,136,118,-35.2898088256145
10,0.6,136,120,-35.4836154236255
10,0.6,136,122,-35.6952179340005
10,0.6,136,124,-35.9255598640249
10,0.6,136,126,-36.1756437540771
10,0.6,136,128,-36.4465385534127
10,0.6,136,130,-36.7393915117093
10,0.6,136,132,-37.0554459311726
10,0.6,136,134,-37.396066375588
10,0.6,136,136,-37.7627732780968
10,0.6,136,138,-38.1572893829444
10,0.6,136,140,-38.5816011803405
10,0.6,136,142,-39.038039575829
10,0.6,136,144,-39.5293856800946
10,0.6,136,146,-40.0590101457273
10,0.6,136,148,-40.6310584755136
10,0.6,136,150,-41.2507011544035
10,0.6,136,152,-41.9244780520049
10,0.6,136,154,-42.6607845243509
10,0.6,136,156,-43.4705782319332
10,0.6,136,158,-44.3684434840459
10,0.6,136,160,-45.3742608892541
10,0.6,136,162,-46.5159558297524
10,0.6,136,164,-47.8342915329798
10,0.6,136,166,-49.3918405271218
10,0.6,136,168,-51.2913409618703
10,0.6,136,170,-53.7177918153903
10,0.6,136,172,-57.0493491408496
10,0.6,136,174,-62.1556920350639
10,0.6,136,176,-67.8644737705444
10,0.6,136,178,-61.9169817931601
10,0.6,136,180,-56.8777561883776
12.5,0.6,136,0,-57.6857728907195
12.5,0.6,136,2,-55.5384657996652
12.5,0.6,136,4,-53.1439187772473
12.5,0.6,136,6,-51.0548001981237
12.5,0.6,136,8,-49.2963816813519
12.5,0.6,136,10,-47.8045693000579
12.5,0.6,136,12,-46.5185559386524
12.5,0.6,136,14,-45.3923130103435
12.5,0.6,136,16,-44.392335606535
12.5,0.6,136,18,-43.494199109743
12.5,0.6,136,20,-42.6798820235486
12.5,0.6,136,22,-41.9358971388648
12.5,0.6,136,24,-41.2520094514741
12.5,0.6,136,26,-40.620348604275
12.5,0.6,136,28,-40.0347837230714
12.5,0.6,136,30,-39.4904748459431
12.5,0.6,136,32,-38.9835457315845
12.5,0.6,136,34,-38.5108421600627
12.5,0.6,136,36,-38.0697519426176
12.5,0.6,136,38,-37.6580704755782
12.5,0.6,136,40,-37.2739005312116
12.5,0.6,136,42,-36.9155781329395
12.5,0.6,136,44,-36.58161845814
12.5,0.6,136,46,-36.2706771416445
12.5,0.6,136,48,-35.9815233583435
12.5,0.6,136,50,-35.7130217941198
12.5,0.6,136,52,-35.4641211657148
12.5,0.6,136,54,-35.2338473835179
12.5,0.6,136,56,-35.0212998067579
12.5,0.6,136,58,-34.8256493440739
12.5,0.6,136,60,-34.6461374197918
12.5,0.6,136,62,-34.4820750659825
12.5,0.6,136,64,-34.3328416159128
12.5,0.6,136,66,-34.1978826658648
12.5,0.6,136,68,-34.076707137997
12.5,0.6,136,70,-33.9688834152357
12.5,0.6,136,72,-33.8740346293373
12.5,0.6,136,74,-33.7918332658514
12.5,0.6,136,76,-33.7219953068527
12.5,0.6,136,78,-33.6642741672411
12.5,0.6,136,80,-33.6184546969376
12.5,0.6,136,82,-33.5843475232073
12.5,0.6,136,84,-33.5617839977821
12.5,0.6,136,86,-33.550611994731
12.5,0.6,136,88,-33.5506927784527
12.5,0.6,136,90,-33.5618991272487
12.5,0.6,136,92,-33.584114856738
12.5,0.6,136,94,-33.617235838915
12.5,0.6,136,96,-33.6611725574232
12.5,0.6,136,98,-33.7158541789652
12.5,0.6,136,100,-33.7812340572307
12.5,0.6,136,102,-33.8572965230913
12.5,0.6,136,104,-33.9440647580687
12.5,0.6,136,106,-34.0416095030048
12.5,0.6,136,108,-34.1500583264182
12.5,0.6,136,110,-34.2696051726218
12.5,0.6,136,112,-34.4005199323053
12.5,0.6,136,114,-34.5431578298154
12.5,0.6,136,116,-34.6979685011152
12.5,0.6,136,118,-34.8655047411094
12.5,0.6,136,120,-35.0464310233777
12.5,0.6,136,122,-35.2415320331129
12.5,0.6,136,124,-35.4517215994549
12.5,0.6,136,126,-35.6780525630668
12.5,0.6,136,128,-35.921728269523
12.5,0.6,136,130,-36.1841165458358
12.5,0.6,136,132,-36.4667672112266
12.5,0.6,136,134,-36.7714344192652
12.5,0.6,136,136,-37.1001054652275
12.5,0.6,136,138,-37.4550381764952
12.5,0.6,136,140,-37.8388097180133
12.5,0.6,136,142,-38.2543807133075
12.5,0.6,136,144,-38.7051801955685
12.5,0.6,136,146,-39.1952193678706
12.5,0.6,136,148,-39.7292459705668
12.5,0.6,136,150,-40.3129570888153
12.5,0.6,136,152,-40.9532980095019
12.5,0.6,136,154,-41.6588910567174
12.5,0.6,136,156,-42.4406665573049
12.5,0.6,136,158,-43.3128189345861
12.5,0.6,136,160,-44.2943069875129
12.5,0.6,136,162,-45.4113091962057
12.5,0.6,136,164,-46.7014534611973
12.5,0.6,136,166,-48.2215804269011
12.5,0.6,136,168,-50.0631643494332
12.5,0.6,136,170,-52.3860807365909
12.5,0.6,136,172,-55.5007091410864
12.5,0.6,136,174,-60.0534742358508
12.5,0.6,136,176,-65.6477340661219
12.5,0.6,136,178,-61.8262512450937
12.5,0.6,136,180,-56.7321326849543
15,0.6,136,0,-57.3806951162864
15,0.6,136,2,-55.9283424296731
15,0.6,136,4,-53.4522126190039
15,0.6,136,6,-51.1308289272296
15,0.6,136,8,-49.1668102180915
15,0.6,136,10,-47.5152666706396
15,0.6,136,12,-46.1081654987246
15,0.6,136,14,-44.8907859945941
15,0.6,136,16,-43.8228835673257
15,0.6,136,18,-42.8750714227521
15,0.6,136,20,-42.0255880749515
15,0.6,136,22,-41.2580005144498
15,0.6,136,24,-40.5596473022695
15,0.6,136,26,-39.9205861915037
15,0.6,136,28,-39.3328748078857
15,0.6,136,30,-38.7900713639282
15,0.6,136,32,-38.2868825076061
15,0.6,136,34,-37.8189111008004
15,0.6,136,36,-37.3824729278692
15,0.6,136,38,-36.9744616013633
15,0.6,136,40,-36.5922475203639
15,0.6,136,42,-36.2336010383696
15,0.6,136,44,-35.8966328652641
15,0.6,136,46,-35.5797466889703
15,0.6,136,48,-35.2816003859544
15,0.6,136,50,-35.001073201508
15,0.6,136,52,-34.7372370476188
15,0.6,136,54,-34.4893306636979
15,0.6,136,56,-34.2567358555291
15,0.6,136,58,-34.0389553921631
15,0.6,136,60,-33.8355924099768
15,0.6,136,62,-33.6463313550296
15,0.6,136,64,-33.4709205975003
15,0.6,136,66,-33.3091568870058
15,0.6,136,68,-33.1608718001346
15,0.6,136,70,-33.0259202789015
15,0.6,136,72,-32.9041712885537
15,0.6,136,74,-32.7955005507459
15,0.6,136,76,-32.6997852454895
15,0.6,136,78,-32.6169005299248
15,0.6,136,80,-32.5467176967487
15,0.6,136,82,-32.4891037889994
15,0.6,136,84,-32.4439224968495
15,0.6,136,86,-32.4110361803934
15,0.6,136,88,-32.3903088839503
15,0.6,136,90,-32.3816102264994
15,0.6,136,92,-32.3848200652186
15,0.6,136,94,-32.399833832179
15,0.6,136,96,-32.4265684374867
15,0.6,136,98,-32.4649686168372
15,0.6,136,100,-32.5150135803633
15,0.6,136,102,-32.5767237967121
15,0.6,136,104,-32.6501677259678
15,0.6,136,106,-32.7354683019127
15,0.6,136,108,-32.8328089624404
15,0.6,136,110,-32.9424390402894
15,0.6,136,112,-33.0646783573829
15,0.6,136,114,-33.1999209166435
15,0.6,136,116,-33.3486376557997
15,0.6,136,118,-33.5113783178035
15,0.6,136,120,-33.6887726001765
15,0.6,136,122,-33.8815308677694
15,0.6,136,124,-34.0904448458434
15,0.6,136,126,-34.3163888482154
15,0.6,136,128,-34.5603222337075
15,0.6,136,130,-34.8232939199488
15,0.6,136,132,-35.1064499161957
15,0.6,136,134,-35.4110449705432
15,0.6,136,136,-35.7384595726314
15,0.6,136,138,-36.0902237303252
15,0.6,136,140,-36.4680491780305
15,0.6,136,142,-36.8738720180662
15,0.6,136,144,-37.3099083024768
15,0.6,136,146,-37.778725806237
15,0.6,136,148,-38.2833363202663
15,0.6,136,150,-38.8273143223756
15,0.6,136,152,-39.4149499976492
15,0.6,136,154,-40.0514473774055
15,0.6,136,156,-40.7431817674915
15,0.6,136,158,-41.4980339219099
15,0.6,136,160,-42.3258188707823
15,0.6,136,162,-43.2388162218978
15,0.6,136,164,-44.2523593918247
15,0.6,136,166,-45.3852715999147
15,0.6,136,168,-46.6593906846719
15,0.6,136,170,-48.0956927073517
15,0.6,136,172,-49.6991234947632
15,0.6,136,174,-51.4092407115987
15,0.6,136,176,-52.9728296598205
15,0.6,136,178,-53.8048849855298
15,0.6,136,180,-53.3784527339667
5,0.6,180,0,-60.4350395970726
5,0.6,180,2,-58.7227454503488
5,0.6,180,4,-56.0086139955591
5,0.6,180,6,-53.5573336610676
5,0.6,180,8,-51.5166239315837
5,0.6,180,10,-49.8116719432388
5,0.6,180,12,-48.3620758805107
5,0.6,180,14,-47.1078426523776
5,0.6,180,16,-46.0063531148099
5,0.6,180,18,-45.0271270501057
5,0.6,180,20,-44.1479235002855
5,0.6,180,22,-43.3521436026297
5,0.6,180,24,-42.6271259784868
5,0.6,180,26,-41.9630150616077
5,0.6,180,28,-41.3519955034032
5,0.6,180,30,-40.7877638755549
5,0.6,180,32,-40.2651574183883
5,0.6,180,34,-39.7798890480645
5,0.6,180,36,-39.3283557829694
5,0.6,180,38,-38.9074988253885
5,0.6,180,40,-38.5147004894894
5,0.6,180,42,-38.1477076245982
5,0.6,180,44,-37.8045741120394
5,0.6,180,46,-37.4836169996737
5,0.6,180,48,-37.183382238225
5,0.6,180,50,-36.9026170161616
5,0.6,180,52,-36.6402464870709
5,0.6,180,54,-36.3953533216915
5,0.6,180,56,-36.167159037561
5,0.6,180,58,-35.955006482898
5,0.6,180,60,-35.7583431866302
5,0.6,180,62,-35.5767055375365
5,0.6,180,64,-35.4097039262628
5,0.6,180,66,-35.2570090808341
5,0.6,180,68,-35.1183398587022
5,0.6,180,70,-34.993452738549
5,0.6,180,72,-34.8821331968189
5,0.6,180,74,-34.7841890712623
5,0.6,180,76,-34.6994459195603
5,0.6,180,78,-34.6277442863705
5,0.6,180,80,-34.5689387055021
5,0.6,180,82,-34.5228981916166
5,0.6,180,84,-34.4895079219217
5,0.6,180,86,-34.4686717750243
5,0.6,180,88,-34.4603153822572
5,0.6,180,90,-34.464389356091
5,0.6,180,92,-34.4808723894256
5,0.6,180,94,-34.509773966577
5,0.6,180,96,-34.5511364887816
5,0.6,180,98,-34.6050366905176
5,0.6,180,100,-34.6715863037401
5,0.6,180,102,-34.7509320106891
5,0.6,180,104,-34.843254807506
5,0.6,180,106,-34.9487689758561
5,0.6,180,108,-35.0677209239392
5,0.6,180,110,-35.2003882083181
5,0.6,180,112,-35.3470790816674
5,0.6,180,114,-35.5081329279929
5,0.6,180,116,-35.6839219468584
5,0.6,180,118,-35.8748544341704
5,0.6,180,120,-36.0813799834797
5,0.6,180,122,-36.3039969047866
5,0.6,180,124,-36.5432621356094
5,0.6,180,126,-36.7998039115794
5,0.6,180,128,-37.0743374828889
5,0.6,180,130,-37.3676842222808
5,0.6,180,132,-37.6807945858961
5,0.6,180,134,-38.0147755790827
5,0.6,180,136,-38.370923668648
5,0.6,180,138,-38.750764501815
5,0.6,180,140,-39.1561013836493
5,0.6,180,142,-39.5890752932692
5,0.6,180,144,-40.052240384117
5,0.6,180,146,-40.5486605723745
5,0.6,180,148,-41.0820352237033
5,0.6,180,150,-41.6568655146635
5,0.6,180,152,-42.2786784505043
5,0.6,180,154,-42.9543338921231
5,0.6,180,156,-43.6924531585795
5,0.6,180,158,-44.5040289291255
5,0.6,180,160,-45.4033101921997
5,0.6,180,162,-46.4091096386242
5,0.6,180,164,-47.5467582647425
5,0.6,180,166,-48.8510057010539
5,0.6,180,168,-50.3700236912449
5,0.6,180,170,-52.1691112885062
5,0.6,180,172,-54.3230269090076
5,0.6,180,174,-56.8311679467307
5,0.6,180,176,-59.1614296215955
5,0.6,180,178,-59.5133869839517
5,0.6,180,180,-57.4560351570435
7.5,0.6,180,0,-54.9500624270445
7.5,0.6,180,2,-58.5247824912523
7.5,0.6,180,4,-63.9908096261303
7.5,0.6,180,6,-67.115406832271
7.5,0.6,180,8,-60.9408429899195
7.5,0.6,180,10,-56.4807806536376
7.5,0.6,180,12,-53.426378857497
7.5,0.6,180,14,-51.1302621994064
7.5,0.6,180,16,-49.2941714721421
7.5,0.6,180,18,-47.7647200820993
7.5,0.6,180,20,-46.4539107133898
7.5,0.6,180,22,-45.3069490506396
7.5,0.6,180,24,-44.2875552768894
7.5,0.6,180,26,-43.3705482488001
7.5,0.6,180,28,-42.5377887316754
7.5,0.6,180,30,-41.775813516436
7.5,0.6,180,32,-41.0743822877496
7.5,0.6,180,34,-40.4255462785365
7.5,0.6,180,36,-39.8230297464949
7.5,0.6,180,38,-39.2618066070811
7.5,0.6,180,40,-38.7378029513554
7.5,0.6,180,42,-38.2476830770366
7.5,0.6,180,44,-37.7886922502284
7.5,0.6,180,46,-37.3585387921303
7.5,0.6,180,48,-36.9553039177138
7.5,0.6,180,50,-36.5773714924919
7.5,0.6,180,52,-36.2233723346609
7.5,0.6,180,54,-35.8921393454898
7.5,0.6,180,56,-35.5826708824579
7.5,0.6,180,58,-35.2941005700308
7.5,0.6,180,60,-35.0256722815051
7.5,0.6,180,62,-34.7767193938006
7.5,0.6,180,64,-34.5466476643523
7.5,0.6,180,66,-34.3349212400392
7.5,0.6,180,68,-34.141051407785
7.5,0.6,180,70,-33.9645877541992
7.5,0.6,180,72,-33.8051114319601
7.5,0.6,180,74,-33.6622302446989
7.5,0.6,180,76,-33.5355752683554
7.5,0.6,180,78,-33.4247987315671
7.5,0.6,180,80,-33.329572885067
7.5,0.6,180,82,-33.2495896032393
7.5,0.6,180,84,-33.1845604815829
7.5,0.6,180,86,-33.1342172224396
7.5,0.6,180,88,-33.0983121375505
7.5,0.6,180,90,-33.0766186385747
7.5,0.6,180,92,-33.068931633615
7.5,0.6,180,94,-33.0750677964282
7.5,0.6,180,96,-33.0948657222436
7.5,0.6,180,98,-33.1281860266235
7.5,0.6,180,100,-33.1749114782382
7.5,0.6,180,102,-33.2349472797813
7.5,0.6,180,104,-33.3082216212198
7.5,0.6,180,106,-33.3946866248974
7.5,0.6,180,108,-33.4943197828406
7.5,0.6,180,110,-33.6071259547736
7.5,0.6,180,112,-33.7331399544179
7.5,0.6,180,114,-33.8724297069557
7.5,0.6,180,116,-34.0250999187709
7.5,0.6,180,118,-34.1912961692904
7.5,0.6,180,120,-34.3712093215211
7.5,0.6,180,122,-34.5650801594345
7.5,0.6,180,124,-34.7732042016623
7.5,0.6,180,126,-34.9959367145223
7.5,0.6,180,128,-35.2336980529105
7.5,0.6,180,130,-35.4869795921255
7.5,0.6,180,132,-35.7563506724653
7.5,0.6,180,134,-36.0424671560799
7.5,0.6,180,136,-36.3460823880011
7.5,0.6,180,138,-36.6680615598393
7.5,0.6,180,140,-37.009400700759
7.5,0.6,180,142,-37.3712517805236
7.5,0.6,180,144,-37.7549557313086
7.5,0.6,180,146,-38.1620856251054
7.5,0.6,180,148,-38.5945028560609
7.5,0.6,180,150,-39.054430088423
7.5,0.6,180,152,-39.5445461242619
7.5,0.6,180,154,-40.0681100146159
7.5,0.6,180,156,-40.6291251660011
7.5,0.6,180,158,-41.232559700036
7.5,0.6,180,160,-41.8846483456464
7.5,0.6,180,162,-42.5933163094064
7.5,0.6,180,164,-43.368791895334
7.5,0.6,180,166,-44.2245221723153
7.5,0.6,180,168,-45.1785959492189
7.5,0.6,180,170,-46.2560585595931
7.5,0.6,180,172,-47.4928897205568
7.5,0.6,180,174,-48.9433184291148
7.5,0.6,180,176,-50.6944897813237
7.5,0.6,180,178,-52.899450765465
7.5,0.6,180,180,-55.8640995769458
10,0.6,180,0,-59.9381063992794
10,0.6,180,2,-58.0808705998431
10,0.6,180,4,-55.2829505519789
10,0.6,180,6,-52.8003295750603
10,0.6,180,8,-50.7456060776453
10,0.6,180,10,-49.0312934133803
10,0.6,180,12,-47.5728737315387
10,0.6,180,14,-46.3089998499479
10,0.6,180,16,-45.1966618062559
10,0.6,180,18,-44.2053567263393
10,0.6,180,20,-43.3129704818382
10,0.6,180,22,-42.5030917970632
10,0.6,180,24,-41.7632684868584
10,0.6,180,26,-41.0838573467359
10,0.6,180,28,-40.4572494514474
10,0.6,180,30,-39.8773371555234
10,0.6,180,32,-39.3391401998924
10,0.6,180,34,-38.8385389270942
10,0.6,180,36,-38.3720811199295
10,0.6,180,38,-37.9368403859938
10,0.6,180,40,-37.5303111934746
10,0.6,180,42,-37.1503302919042
10,0.6,180,44,-36.7950173057193
10,0.6,180,46,-36.4627293530234
10,0.6,180,48,-36.1520259709062
10,0.6,180,50,-35.8616416396944
10,0.6,180,52,-35.5904639273745
10,0.6,180,54,-35.3375158082124
10,0.6,180,56,-35.1019411019956
10,0.6,180,58,-34.8829922694538
10,0.6,180,60,-34.6800200109585
10,0.6,180,62,-34.4924642682578
10,0.6,180,64,-34.319846336991
10,0.6,180,66,-34.161761872326
10,0.6,180,68,-34.0178746203437
10,0.6,180,70,-33.8879107410742
10,0.6,180,72,-33.7716536111247
10,0.6,180,74,-33.6689390090357
10,0.6,180,76,-33.5796505980446
10,0.6,180,78,-33.5037156310534
10,0.6,180,80,-33.4411008127299
10,0.6,180,82,-33.3918082647316
10,0.6,180,84,-33.3558715525708
10,0.6,180,86,-33.3333517469692
10,0.6,180,88,-33.3243335088579
10,0.6,180,90,-33.3289212055291
10,0.6,180,92,-33.3472350857826
10,0.6,180,94,-33.3794075639839
10,0.6,180,96,-33.4255796863395
10,0.6,180,98,-33.4858978767193
10,0.6,180,100,-33.5605110831144
10,0.6,180,102,-33.6495684682074
10,0.6,180,104,-33.7532178072969
10,0.6,180,106,-33.8716047726541
10,0.6,180,108,-34.0048732940651
10,0.6,180,110,-34.1531671898343
10,0.6,180,112,-34.3166332602924
10,0.6,180,114,-34.4954260269364
10,0.6,180,116,-34.6897142856247
10,0.6,180,118,-34.8996896238076
10,0.6,180,120,-35.1255770329597
10,0.6,180,122,-35.3676477331402
10,0.6,180,124,-35.6262343235962
10,0.6,180,126,-35.9017483900435
10,0.6,180,128,-36.194700746133
10,0.6,180,130,-36.5057245761975
10,0.6,180,132,-36.8356018936764
10,0.6,180,134,-37.1852939529765
10,0.6,180,136,-37.5559765753031
10,0.6,180,138,-37.9490818026575
10,0.6,180,140,-38.3663479238688
10,0.6,180,142,-38.8098807901234
10,0.6,180,144,-39.2822305610153
10,0.6,180,146,-39.7864897650703
10,0.6,180,148,-40.3264210960791
10,0.6,180,150,-40.9066271510128
10,0.6,180,152,-41.5327801012454
10,0.6,180,154,-42.2119383507992
10,0.6,180,156,-42.952991752384
10,0.6,180,158,-43.7673006723126
10,0.6,180,160,-44.6696334947495
10,0.6,180,162,-45.6795722445863
10,0.6,180,164,-46.8236596424701
10,0.6,180,166,-48.138698708543
10,0.6,180,168,-49.6766396494491
10,0.6,180,170,-51.5103562011696
10,0.6,180,172,-53.7307842472244
10,0.6,180,174,-56.3684627932093
10,0.6,180,176,-58.8851930148737
10,0.6,180,178,-59.1942637793647
10,0.6,180,180,-56.8777561883776
12.5,0.6,180,0,-57.6857728907195
12.5,0.6,180,2,-57.1628512494682
12.5,0.6,180,4,-55.0078741057387
12.5,0.6,180,6,-52.6877800097856
12.5,0.6,180,8,-50.6617745412084
12.5,0.6,180,10,-48.9485172403479
12.5,0.6,180,12,-47.4897907383175
12.5,0.6,180,14,-46.229625944706
12.5,0.6,180,16,-45.1249473728542
12.5,0.6,180,18,-44.1438901359958
12.5,0.6,180,20,-43.2628414055626
12.5,0.6,180,22,-42.4640734311929
12.5,0.6,180,24,-41.7340709088607
12.5,0.6,180,26,-41.06237906979
12.5,0.6,180,28,-40.440807534122
12.5,0.6,180,30,-39.8628721405518
12.5,0.6,180,32,-39.3233963322452
12.5,0.6,180,34,-38.8182207310667
12.5,0.6,180,36,-38.3439871673472
12.5,0.6,180,38,-37.8979748007433
12.5,0.6,180,40,-37.4779733285623
12.5,0.6,180,42,-37.0821830945867
12.5,0.6,180,44,-36.7091351030161
12.5,0.6,180,46,-36.3576260831855
12.5,0.6,180,48,-36.0266652028359
12.5,0.6,180,50,-35.7154300212371
12.5,0.6,180,52,-35.4232299573092
12.5,0.6,180,54,-35.1494760197912
12.5,0.6,180,56,-34.8936558716685
12.5,0.6,180,58,-34.6553135236408
12.5,0.6,180,60,-34.4340331017851
12.5,0.6,180,62,-34.2294262339501
12.5,0.6,180,64,-34.0411226628888
12.5,0.6,180,66,-33.8687637325463
12.5,0.6,180,68,-33.711998415256
12.5,0.6,180,70,-33.5704815578249
12.5,0.6,180,72,-33.4438740281583
12.5,0.6,180,74,-33.3318444447394
12.5,0.6,180,76,-33.2340721717379
12.5,0.6,180,78,-33.1502512650194
12.5,0.6,180,80,-33.0800950606406
12.5,0.6,180,82,-33.0233411088944
12.5,0.6,180,84,-32.9797561745944
12.5,0.6,180,86,-32.949141048586
12.5,0.6,180,88,-32.931334946602
12.5,0.6,180,90,-32.9262193092123
12.5,0.6,180,92,-32.9337208600419
12.5,0.6,180,94,-32.9538138275051
12.5,0.6,180,96,-32.9865212865726
12.5,0.6,180,98,-33.0319156298251
12.5,0.6,180,100,-33.090118229403
12.5,0.6,180,102,-33.1612984015777
12.5,0.6,180,104,-33.2456718318013
12.5,0.6,180,106,-33.3434986587626
12.5,0.6,180,108,-33.4550814500765
12.5,0.6,180,110,-33.5807633290994
12.5,0.6,180,112,-33.7209265318939
12.5,0.6,180,114,-33.8759916860145
12.5,0.6,180,116,-34.0464181096918
12.5,0.6,180,118,-34.2327054329659
12.5,0.6,180,120,-34.4353968440053
12.5,0.6,180,122,-34.6550842678217
12.5,0.6,180,124,-34.8924157955858
12.5,0.6,180,126,-35.1481057069398
12.5,0.6,180,128,-35.4229474731323
12.5,0.6,180,130,-35.7178302059031
12.5,0.6,180,132,-36.033759139551
12.5,0.6,180,134,-36.3718809197219
12.5,0.6,180,136,-36.7335147468467
12.5,0.6,180,138,-37.1201908191955
12.5,0.6,180,140,-37.5336980894139
12.5,0.6,180,142,-37.9761441619919
12.5,0.6,180,144,-38.4500313282331
12.5,0.6,180,146,-38.9583544332491
12.5,0.6,180,148,-39.5047287735783
12.5,0.6,180,150,-40.0935599872326
12.5,0.6,180,152,-40.7302736750374
12.5,0.6,180,154,-41.4216315639779
12.5,0.6,180,156,-42.1761756006612
12.5,0.6,180,158,-43.0048653080296
12.5,0.6,180,160,-43.9220137972809
12.5,0.6,180,162,-44.9466953992395
12.5,0.6,180,164,-46.1049096730109
12.5,0.6,180,166,-47.4329521894605
12.5,0.6,180,168,-48.9825677105231
12.5,0.6,180,170,-50.8277352895169
12.5,0.6,180,172,-53.0658901700725
12.5,0.6,180,174,-55.7565568798347
12.5,0.6,180,176,-58.4560883653097
12.5,0.6,180,178,-59.0370412865302
12.5,0.6,180,180,-56.7321326849542
15,0.6,180,0,-57.3806951162864
15,0.6,180,2,-54.781815226695
15,0.6,180,4,-52.1946994476788
15,0.6,180,6,-50.0324592269751
15,0.6,180,8,-48.2471061768381
15,0.6,180,10,-46.7493632658366
15,0.6,180,12,-45.4694174763034
15,0.6,180,14,-44.3575644930954
15,0.6,180,16,-43.378453410072
15,0.6,180,18,-42.5064339350441
15,0.6,180,20,-41.7224363928063
15,0.6,180,22,-41.0119420285082
15,0.6,180,24,-40.3636533611251
15,0.6,180,26,-39.7686077667515
15,0.6,180,28,-39.2195748524471
15,0.6,180,30,-38.7106390070768
15,0.6,180,32,-38.2369052395009
15,0.6,180,34,-37.794288615714
15,0.6,180,36,-37.3793612252292
15,0.6,180,38,-36.9892391359204
15,0.6,180,40,-36.6214972713785
15,0.6,180,42,-36.2741037598593
15,0.6,180,44,-35.9453677671292
15,0.6,180,46,-35.6338965606535
15,0.6,180,48,-35.3385588144591
15,0.6,180,50,-35.0584521059551
15,0.6,180,52,-34.7928732701044
15,0.6,180,54,-34.54129081813
15,0.6,180,56,-34.3033190318117
15,0.6,180,58,-34.0786936332189
15,0.6,180,60,-33.867249120639
15,0.6,180,62,-33.6688979693948
15,0.6,180,64,-33.4836119355027
15,0.6,180,66,-33.3114056850282
15,0.6,180,68,-33.1523229167898
15,0.6,180,70,-33.0064250645296
15,0.6,180,72,-32.8737825695726
15,0.6,180,74,-32.7544686175842
15,0.6,180,76,-32.6485551426483
15,0.6,180,78,-32.556110825745
15,0.6,180,80,-32.4772007578496
15,0.6,180,82,-32.4118874032154
15,0.6,180,84,-32.3602324869711
15,0.6,180,86,-32.3222994422892
15,0.6,180,88,-32.2981560840555
15,0.6,180,90,-32.2878772251246
15,0.6,180,92,-32.2915470140991
15,0.6,180,94,-32.3092608459251
15,0.6,180,96,-32.3411267741474
15,0.6,180,98,-32.3872664322327
15,0.6,180,100,-32.4478155471051
15,0.6,180,102,-32.5229241975681
15,0.6,180,104,-32.6127570307863
15,0.6,180,106,-32.7174936992199
15,0.6,180,108,-32.8373298166897
15,0.6,180,110,-32.9724787545599
15,0.6,180,112,-33.1231746070052
15,0.6,180,114,-33.2896766484576
15,0.6,180,116,-33.4722755881723
15,0.6,180,118,-33.671301899394
15,0.6,180,120,-33.8871364686029
15,0.6,180,122,-34.1202237807382
15,0.6,180,124,-34.3710878385987
15,0.6,180,126,-34.640351021034
15,0.6,180,128,-34.9287561302394
15,0.6,180,130,-35.2371919817966
15,0.6,180,132,-35.5667230740695
15,0.6,180,134,-35.9186241631314
15,0.6,180,136,-36.2944210000822
15,0.6,180,138,-36.6959391066355
15,0.6,180,140,-37.1253633411636
15,0.6,180,142,-37.5853122473217
15,0.6,180,144,-38.0789329509219
15,0.6,180,146,-38.6100249562645
15,0.6,180,148,-39.1832050545065
15,0.6,180,150,-39.8041314794924
15,0.6,180,152,-40.4798147853952
15,0.6,180,154,-41.2190580571109
15,0.6,180,156,-42.0330942688269
15,0.6,180,158,-42.9365316530915
15,0.6,180,160,-43.9487929987671
15,0.6,180,162,-45.0963665960024
15,0.6,180,164,-46.4164100907358
15,0.6,180,166,-47.9625579909899
15,0.6,180,168,-49.8137101468441
15,0.6,180,170,-52.0820820402631
15,0.6,180,172,-54.8763744782082
15,0.6,180,174,-57.8834316338859
15,0.6,180,176,-58.815372559899
15,0.6,180,178,-56.3730212478249
15,0.6,180,180,-53.3784527339667
