"fat_thickness [mm]","Freq [MHz]","dB(S(1,1)) []"
5,201.5,-1.27587883554048
5,202.99625,-1.2700612004549
5,204.4925,-1.26507160903074
5,205.98875,-1.26085266792972
5,207.485,-1.25735301828894
5,208.98125,-1.25452659173847
5,210.4775,-1.25233197413012
5,211.97375,-1.25073185931904
5,213.47,-1.24969257855982
5,214.96625,-1.24918369365503
5,216.4625,-1.24917764406529
5,217.95875,-1.24964943986415
5,219.455,-1.25057639378028
5,220.95125,-1.25193788667823
5,222.4475,-1.25371516173664
5,223.94375,-1.25589114333046
5,225.44,-1.25845027723935
5,226.93625,-1.26137838931644
5,228.4325,-1.26466256017582
5,229.92875,-1.268291013812
5,231.425,-1.27225301836118
5,232.92125,-1.27653879746311
5,234.4175,-1.28113945089183
5,235.91375,-1.28604688330023
5,237.41,-1.29125374007292
5,238.90625,-1.29675334940813
5,240.4025,-1.30253966985705
5,241.89875,-1.30860724264001
5,243.395,-1.31495114813681
5,244.89125,-1.32156696601479
5,246.3875,-1.32845073851465
5,247.88375,-1.33559893646319
5,249.38,-1.34300842762325
5,250.87625,-1.35067644702814
5,252.3725,-1.35860056897888
5,253.86875,-1.36677868041098
5,255.365,-1.37520895536251
5,256.86125,-1.38388983029848
5,258.3575,-1.3928199800683
5,259.85375,-1.40199829429462
5,261.35,-1.41142385401305
5,262.84625,-1.42109590840475
5,264.3425,-1.43101385148748
5,265.83875,-1.44117719865621
5,267.335,-1.45158556299325
5,268.83125,-1.46223863129875
5,270.3275,-1.47313613982789
5,271.82375,-1.48427784975949
5,273.32,-1.49566352246383
5,274.81625,-1.50729289468352
5,276.3125,-1.51916565379161
5,277.80875,-1.53128141334336
5,279.305,-1.54363968919301
5,280.80125,-1.556239876501
5,282.2975,-1.56908122801086
5,283.79375,-1.58216283402408
5,285.29,-1.59548360454471
5,286.78625,-1.60904225409886
5,288.2825,-1.62283728975636
5,289.77875,-1.63686700288685
5,291.275,-1.65112946517046
5,292.77125,-1.66562252934819
5,294.2675,-1.68034383513988
5,295.76375,-1.69529082067433
5,297.26,-1.71046073966927
5,298.75625,-1.72585068446745
5,300.2525,-1.7414576148836
5,301.74875,-1.75727839264911
5,303.245,-1.77330982106329
5,304.74125,-1.78954868927912
5,306.2375,-1.80599182047637
5,307.73375,-1.8226361230144
5,309.23,-1.8394786435202
5,310.72625,-1.85651662076221
5,312.2225,-1.87374753909512
5,313.71875,-1.891169180239
5,315.215,-1.9087796721819
5,316.71125,-1.92657753406788
5,318.2075,-1.94456171604957
5,319.70375,-1.96273163324109
5,321.2,-1.98108719309516
5,322.69625,-1.99962881573864
5,324.1925,-2.01835744702294
5,325.68875,-2.03727456426883
5,327.185,-2.05638217489907
5,328.68125,-2.0756828083474
5,330.1775,-2.09517950180111
5,331.67375,-2.11487578047154
5,333.17,-2.13477563318836
5,334.66625,-2.15488348417821
5,336.1625,-2.17520416191786
5,337.65875,-2.19574286594783
5,339.155,-2.21650513249948
5,340.65125,-2.23749679973113
5,342.1475,-2.25872397329255
5,343.64375,-2.2801929928479
5,345.14,-2.30191040008965
5,346.63625,-2.32388290867596
5,348.1325,-2.34611737642468
5,349.62875,-2.36862078000298
5,351.125,-2.3914001922643
5,352.62125,-2.4144627623067
5,354.1175,-2.43781569825871
5,355.61375,-2.46146625274237
5,357.11,-2.48542171091669
5,358.60625,-2.50968938096912
5,360.1025,-2.53427658689637
5,361.59875,-2.55919066339783
5,363.095,-2.58443895269476
5,364.59125,-2.6100288030843
5,366.0875,-2.63596756903841
5,367.58375,-2.6622626126633
5,369.08,-2.68892130634327
5,370.57625,-2.71595103640369
5,372.0725,-2.7433592076403
5,373.56875,-2.77115324857509
5,375.065,-2.79934061731299
5,376.56125,-2.8279288078869
5,378.0575,-2.85692535699246
5,379.55375,-2.88633785102612
5,381.05,-2.91617393335267
5,382.54625,-2.94644131173915
5,384.0425,-2.97714776590255
5,385.53875,-3.00830115512779
5,387.035,-3.03990942592119
5,388.53125,-3.07198061967151
5,390.0275,-3.10452288029788
5,391.52375,-3.13754446186912
5,393.02,-3.17105373618434
5,394.51625,-3.2050592003088
5,396.0125,-3.23956948406273
5,397.50875,-3.27459335746422
5,399.005,-3.31013973812939
5,400.50125,-3.34621769863593
5,401.9975,-3.38283647385732
5,403.49375,-3.42000546827703
5,404.99,-3.45773426329291
5,406.48625,-3.49603262452322
5,407.9825,-3.53491050912639
5,409.47875,-3.57437807314724
5,410.975,-3.61444567890303
5,412.47125,-3.65512390242305
5,413.9675,-3.69642354095549
5,415.46375,-3.73835562055618
5,416.96,-3.78093140377326
5,418.45625,-3.82416239744255
5,419.9525,-3.86806036060823
5,421.44875,-3.91263731258364
5,422.945,-3.9579055411671
5,424.44125,-4.0038776110278
5,425.9375,-4.05056637227686
5,427.43375,-4.09798496923889
5,428.93,-4.14614684943934
5,430.42625,-4.19506577282342
5,431.9225,-4.24475582122217
5,433.41875,-4.29523140808176
5,434.915,-4.34650728847229
5,436.41125,-4.39859856939235
5,437.9075,-4.45152072038627
5,439.40375,-4.50528958449108
5,440.9,-4.55992138953043
5,442.39625,-4.61543275977316
5,443.8925,-4.67184072797468
5,445.38875,-4.7291627478193
5,446.885,-4.78741670678246
5,448.38125,-4.8466209394317
5,449.8775,-4.90679424118594
5,451.37375,-4.96795588255267
5,452.87,-5.03012562386308
5,454.36625,-5.0933237305254
5,455.8625,-5.15757098881684
5,457.35875,-5.22288872223463
5,458.855,-5.28929880842683
5,460.35125,-5.35682369672329
5,461.8475,-5.42548642628707
5,463.34375,-5.49531064490609
5,464.84,-5.56632062844439
5,466.33625,-5.63854130097123
5,467.8325,-5.71199825558541
5,469.32875,-5.78671777595052
5,470.825,-5.86272685855508
5,472.32125,-5.94005323570879
5,473.8175,-6.01872539928373
5,475.31375,-6.09877262520504
5,476.81,-6.18022499869169
5,478.30625,-6.2631134402422
5,479.8025,-6.34746973235392
5,481.29875,-6.4333265469565
5,482.795,-6.52071747353104
5,484.29125,-6.60967704787524
5,485.7875,-6.70024078146172
5,487.28375,-6.79244519132119
5,488.78,-6.88632783036363
5,490.27625,-6.98192731802897
5,491.7725,-7.07928337113303
5,493.26875,-7.17843683474447
5,494.765,-7.27942971289269
5,496.26125,-7.38230519886529
5,497.7575,-7.48710770480407
5,499.25375,-7.5938828902515
5,500.75,-7.70267768923145
5,502.24625,-7.81354033536904
5,503.7425,-7.92652038446052
5,505.23875,-8.04166873379573
5,506.735,-8.15903763740629
5,508.23125,-8.27868071626258
5,509.7275,-8.40065296226595
5,511.22375,-8.52501073467396
5,512.72,-8.6518117473541
5,514.21625,-8.78111504497413
5,515.7125,-8.91298096590171
5,517.20875,-9.04747108919069
5,518.705,-9.18464816256824
5,520.20125,-9.32457600779182
5,521.6975,-9.46731939910535
5,523.19375,-9.61294390977233
5,524.69,-9.76151572078176
5,526.18625,-9.9131013847869
5,527.6825,-10.067767537123
5,529.17875,-10.2255805443276
5,530.675,-10.3866060789211
5,532.17125,-10.5509086072625
5,533.6675,-10.7185507750228
5,535.16375,-10.8895926721857
5,536.66,-11.0640909564233
5,538.15625,-11.2420978101695
5,539.6525,-11.4236597026616
5,541.14875,-11.6088159236027
5,542.645,-11.7975968498812
5,544.14125,-11.9900219009563
5,545.6375,-12.1860971321057
5,547.13375,-12.3858124078293
5,548.63,-12.5891380904772
5,550.12625,-12.7960211719382
5,551.6225,-13.0063807694869
5,553.11875,-13.2201029014047
5,554.615,-13.4370344549009
5,556.11125,-13.6569762597755
5,557.6075,-13.8796751884531
5,559.10375,-14.1048152195164
5,560.6,-14.3320074317052
5,562.09625,-14.5607789436184
5,563.5925,-14.7905608872669
5,565.08875,-15.0206756082801
5,566.585,-15.2503234294403
5,568.08125,-15.4785695039139
5,569.5775,-15.7043315238818
5,571.07375,-15.9263693370247
5,572.57,-16.1432778449416
5,574.06625,-16.3534848856762
5,575.5625,-16.5552560873742
5,577.05875,-16.746708846749
5,578.555,-16.9258375355864
5,580.05125,-17.0905516584021
5,581.5475,-17.2387278720102
5,583.04375,-17.3682754786617
5,584.54,-17.4772132596196
5,586.03625,-17.5637535045534
5,587.5325,-17.6263871448378
5,589.02875,-17.6639624597304
5,590.525,-17.6757493480085
5,592.02125,-17.6614819609349
5,593.5175,-17.6213746127475
5,595.01375,-17.5561090118723
5,596.51,-17.4667943857201
5,598.00625,-17.3549052773008
5,599.5025,-17.2222040452486
5,600.99875,-17.0706560522636
5,602.495,-16.9023451806793
5,603.99125,-16.7193959601095
5,605.4875,-16.5239066779386
5,606.98375,-16.3178958201233
5,608.48,-16.103262403846
5,609.97625,-15.8817594108849
5,611.4725,-15.6549786656871
5,612.96875,-15.4243450787077
5,614.465,-15.1911180942496
5,615.96125,-14.9563983299069
5,617.4575,-14.7211376706349
5,618.95375,-14.4861514066714
5,620.45,-14.2521313286069
5,621.94625,-14.0196589843805
5,623.4425,-13.7892185478082
5,624.93875,-13.5612089433435
5,626.435,-13.3359550204071
5,627.93125,-13.1137176792669
5,629.4275,-12.8947029265043
5,630.92375,-12.6790698887811
5,632.42,-12.4669378452284
5,633.91625,-12.2583923565397
5,635.4125,-12.0534905769012
5,636.90875,-11.8522658363809
5,638.405,-11.6547315786616
5,639.90125,-11.4608847337242
5,641.3975,-11.2707085984437
5,642.89375,-11.0841752908568
5,644.39,-10.9012478366164
5,645.88625,-10.7218819391988
5,647.3825,-10.5460274789589
5,648.87875,-10.3736297802349
5,650.375,-10.2046306804194
5,651.87125,-10.0389694302341
5,653.3675,-9.87658345032896
5,654.86375,-9.71740896575004
5,656.36,-9.56138153670699
5,657.85625,-9.40843650139251
5,659.3525,-9.25850934429712
5,660.84875,-9.11153600148214
5,662.345,-8.96745311257862
5,663.84125,-8.82619822782809
5,665.3375,-8.68770997724213
5,666.83375,-8.55192820789937
5,668.33,-8.41879409449331
5,669.82625,-8.28825022747274
5,671.3225,-8.16024068245448
5,672.81875,-8.03471107402355
5,674.315,-7.91160859654789
5,675.81125,-7.79088205421782
5,677.3075,-7.67248188215675
5,678.80375,-7.55636016013645
5,680.3,-7.44247062015275
5,681.79625,-7.33076864887584
5,683.2925,-7.2212112857712
5,684.78875,-7.11375721749238
5,686.285,-7.00836676896751
5,687.78125,-6.90500189143618
5,689.2775,-6.80362614753765
5,690.77375,-6.70420469340351
5,692.27,-6.60670425756534
5,693.76625,-6.51109311634984
5,695.2625,-6.41734106529952
5,696.75875,-6.32541938602518
5,698.255,-6.23530080776973
5,699.75125,-6.14695946284152
5,701.2475,-6.06037083496214
5,702.74375,-5.97551169947267
5,704.24,-5.89236005425783
5,705.73625,-5.81089504018616
5,707.2325,-5.73109684983303
5,708.72875,-5.65294662326089
5,710.225,-5.57642632968781
5,711.72125,-5.50151863399178
5,713.2175,-5.42820674718445
5,714.71375,-5.35647426025922
5,716.21,-5.28630496117915
5,717.70625,-5.21768263523531
5,719.2025,-5.15059084957612
5,720.69875,-5.08501272338688
5,722.195,-5.02093068597847
5,723.69125,-4.95832622591298
5,725.1875,-4.89717963522727
5,726.68375,-4.83746975378016
5,728.18,-4.77917371969929
5,729.67625,-4.72226673278336
5,731.1725,-4.6667218384584
5,732.66875,-4.61250974042097
5,734.165,-4.55959865035138
5,735.66125,-4.50795418297503
5,737.1575,-4.45753930423179
5,738.65375,-4.4083143393367
5,740.15,-4.36023704606995
5,741.64625,-4.31326275673439
5,743.1425,-4.26734458992146
5,744.63875,-4.22243373062605
5,746.135,-4.17847977447573
5,747.63125,-4.13543112904821
5,749.1275,-4.09323546261956
5,750.62375,-4.05184018839076
5,752.12,-4.0111929704475
5,753.61625,-3.97124223655189
5,755.1125,-3.93193768243593
5,756.60875,-3.89323075260329
5,758.105,-3.85507508372691
5,759.60125,-3.81742689847863
5,761.0975,-3.78024533992068
5,762.59375,-3.74349273926287
5,764.09,-3.70713481266685
5,765.58625,-3.67114078567481
5,767.0825,-3.63548344658339
5,768.57875,-3.60013913253011
5,770.075,-3.56508765410219
5,771.57125,-3.53031216584355
5,773.0675,-3.49579899110099
5,774.56375,-3.46153741021993
5,776.06,-3.42751942121511
5,777.55625,-3.39373948176265
5,779.0525,-3.3601942407643
5,780.54875,-3.32688226690124
5,782.045,-3.29380378060811
5,783.54125,-3.26096039482987
5,785.0375,-3.2283548688392
5,786.53375,-3.19599087834314
5,788.03,-3.16387280413451
5,789.52625,-3.13200554067069
5,791.0225,-3.10039432520913
5,792.51875,-3.06904458749741
5,794.015,-3.03796181950883
5,795.51125,-3.00715146432337
5,797.0075,-2.97661882296698
5,798.50375,-2.94636897783027
5,800,-2.91640673117292
7.5,201.5,-1.1146044896755
7.5,202.99625,-1.10847587714563
7.5,204.4925,-1.10370107419519
7.5,205.98875,-1.10016375138771
7.5,207.485,-1.09775373269145
7.5,208.98125,-1.09636794113349
7.5,210.4775,-1.09591088827426
7.5,211.97375,-1.09629482161181
7.5,213.47,-1.09743962412546
7.5,214.96625,-1.09927254154261
7.5,216.4625,-1.10172779644348
7.5,217.95875,-1.10474613433871
7.5,219.455,-1.10827433535497
7.5,220.95125,-1.11226471594102
7.5,222.4475,-1.11667463777234
7.5,223.94375,-1.12146603546917
7.5,225.44,-1.12660497054575
7.5,226.93625,-1.13206121590499
7.5,228.4325,-1.13780787294519
7.5,229.92875,-1.14382102176021
7.5,231.425,-1.1500794038315
7.5,232.92125,-1.15656413590294
7.5,234.4175,-1.16325845329985
7.5,235.91375,-1.17014748072371
7.5,237.41,-1.17721802846708
7.5,238.90625,-1.1844584120035
7.5,240.4025,-1.19185829298369
7.5,241.89875,-1.19940853978537
7.5,243.395,-1.20710110590405
7.5,244.89125,-1.21492892462089
7.5,246.3875,-1.22288581853315
7.5,247.88375,-1.23096642267459
7.5,249.38,-1.2391661200829
7.5,250.87625,-1.24748098878434
7.5,252.3725,-1.25590775925851
7.5,253.86875,-1.264443781517
7.5,255.365,-1.27308700097423
7.5,256.86125,-1.28183594230701
7.5,258.3575,-1.29068970048782
7.5,259.85375,-1.29964793813539
7.5,261.35,-1.30871088825444
7.5,262.84625,-1.31787936133454
7.5,264.3425,-1.32715475564967
7.5,265.83875,-1.33653906944917
7.5,267.335,-1.34603491356493
7.5,268.83125,-1.35564552278965
7.5,270.3275,-1.3653747642209
7.5,271.82375,-1.37522714063274
7.5,273.32,-1.3852077868519
7.5,274.81625,-1.39532245710211
7.5,276.3125,-1.40557750136097
7.5,277.80875,-1.41597982897239
7.5,279.305,-1.42653685809058
7.5,280.80125,-1.43725645000999
7.5,282.2975,-1.44814682805872
7.5,283.79375,-1.45921648148508
7.5,285.29,-1.47047405561827
7.5,286.78625,-1.48192823048623
7.5,288.2825,-1.4935875909648
7.5,289.77875,-1.50546049233941
7.5,291.275,-1.51755492580725
7.5,292.77125,-1.52987838886216
7.5,294.2675,-1.54243776562889
7.5,295.76375,-1.55523922201181
7.5,297.26,-1.56828811999111
7.5,298.75625,-1.58158895456259
7.5,300.2525,-1.5951453157335
7.5,301.74875,-1.60895987674112
7.5,303.245,-1.62303440835107
7.5,304.74125,-1.637369817826
7.5,306.2375,-1.65196621002725
7.5,307.73375,-1.66682296720413
7.5,309.23,-1.68193884338899
7.5,310.72625,-1.69731206897797
7.5,312.2225,-1.7129404610297
7.5,313.71875,-1.72882153503004
7.5,315.215,-1.74495261429879
7.5,316.71125,-1.7613309337971
7.5,318.2075,-1.77795373576725
7.5,319.70375,-1.79481835534175
7.5,321.2,-1.81192229494453
7.5,322.69625,-1.82926328693378
7.5,324.1925,-1.84683934447767
7.5,325.68875,-1.86464880109425
7.5,327.185,-1.88269033962195
7.5,328.68125,-1.90096301162069
7.5,330.1775,-1.91946624834512
7.5,331.67375,-1.93819986449448
7.5,333.17,-1.95716405594334
7.5,334.66625,-1.97635939260843
7.5,336.1625,-1.99578680752328
7.5,337.65875,-2.01544758308766
7.5,339.155,-2.03534333534098
7.5,340.65125,-2.05547599698914
7.5,342.1475,-2.07584779979559
7.5,343.64375,-2.09646125683699
7.5,345.14,-2.117319145022
7.5,346.63625,-2.13842448818186
7.5,348.1325,-2.15978054096312
7.5,349.62875,-2.18139077368602
7.5,351.125,-2.20325885827662
7.5,352.62125,-2.22538865533528
7.5,354.1175,-2.24778420236773
7.5,355.61375,-2.27044970317656
7.5,357.11,-2.29338951838935
7.5,358.60625,-2.31660815708385
7.5,360.1025,-2.34011026945928
7.5,361.59875,-2.36390064049566
7.5,363.095,-2.38798418453882
7.5,364.59125,-2.4123659407469
7.5,366.0875,-2.43705106933425
7.5,367.58375,-2.46204484854987
7.5,369.08,-2.48735267233038
7.5,370.57625,-2.51298004856999
7.5,372.0725,-2.53893259795431
7.5,373.56875,-2.5652160533079
7.5,375.065,-2.59183625940998
7.5,376.56125,-2.61879917323636
7.5,378.0575,-2.64611086458952
7.5,379.55375,-2.67377751708276
7.5,381.05,-2.70180542944729
7.5,382.54625,-2.73020101713522
7.5,384.0425,-2.75897081419375
7.5,385.53875,-2.78812147538931
7.5,387.035,-2.81765977856268
7.5,388.53125,-2.84759262719875
7.5,390.0275,-2.87792705319679
7.5,391.52375,-2.90867021982896
7.5,393.02,-2.93982942487689
7.5,394.51625,-2.97141210393763
7.5,396.0125,-3.00342583389192
7.5,397.50875,-3.03587833652901
7.5,399.005,-3.06877748232371
7.5,400.50125,-3.10213129436208
7.5,401.9975,-3.13594795241389
7.5,403.49375,-3.17023579715007
7.5,404.99,-3.20500333450503
7.5,406.48625,-3.24025924018402
7.5,407.9825,-3.27601236431661
7.5,409.47875,-3.31227173625798
7.5,410.975,-3.34904656954056
7.5,412.47125,-3.38634626697867
7.5,413.9675,-3.42418042592999
7.5,415.46375,-3.46255884371766
7.5,416.96,-3.50149152321756
7.5,418.45625,-3.54098867861599
7.5,419.9525,-3.5810607413429
7.5,421.44875,-3.62171836618688
7.5,422.945,-3.66297243759812
7.5,424.44125,-3.70483407618623
7.5,425.9375,-3.74731464542018
7.5,427.43375,-3.79042575853801
7.5,428.93,-3.83417928567447
7.5,430.42625,-3.87858736121518
7.5,431.9225,-3.92366239138637
7.5,433.41875,-3.96941706208959
7.5,434.915,-4.0158643469915
7.5,436.41125,-4.06301751587904
7.5,437.9075,-4.11089014329109
7.5,439.40375,-4.1594961174378
7.5,440.9,-4.20884964941986
7.5,442.39625,-4.2589652827599
7.5,443.8925,-4.30985790325932
7.5,445.38875,-4.36154274919386
7.5,446.885,-4.41403542186236
7.5,448.38125,-4.46735189650324
7.5,449.8775,-4.52150853359409
7.5,451.37375,-4.57652209055045
7.5,452.87,-4.63240973384011
7.5,454.36625,-4.6891890515303
7.5,455.8625,-4.7468780662855
7.5,457.35875,-4.80549524883423
7.5,458.855,-4.86505953192395
7.5,460.35125,-4.92559032478367
7.5,461.8475,-4.98710752811429
7.5,463.34375,-5.0496315496278
7.5,464.84,-5.11318332015611
7.5,466.33625,-5.17778431035161
7.5,467.8325,-5.2434565480013
7.5,469.32875,-5.31022263597696
7.5,470.825,-5.37810577084391
7.5,472.32125,-5.44712976215095
7.5,473.8175,-5.51731905242405
7.5,475.31375,-5.58869873788592
7.5,476.81,-5.66129458992322
7.5,478.30625,-5.73513307732227
7.5,479.8025,-5.8102413892928
7.5,481.29875,-5.88664745929817
7.5,482.795,-5.96437998970792
7.5,484.29125,-6.04346847728633
7.5,485.7875,-6.12394323952708
7.5,487.28375,-6.20583544184045
7.5,488.78,-6.28917712559403
7.5,490.27625,-6.37400123700213
7.5,491.7725,-6.46034165685186
7.5,493.26875,-6.54823323104443
7.5,494.765,-6.63771180192017
7.5,496.26125,-6.72881424032269
7.5,497.7575,-6.82157847834225
7.5,499.25375,-6.91604354266078
7.5,500.75,-7.01224958839921
7.5,502.24625,-7.11023793334222
7.5,503.7425,-7.21005109238575
7.5,505.23875,-7.31173281201683
7.5,506.735,-7.41532810459332
7.5,508.23125,-7.52088328214164
7.5,509.7275,-7.62844598933218
7.5,511.22375,-7.73806523522318
7.5,512.72,-7.84979142328277
7.5,514.21625,-7.9636763791036
7.5,515.7125,-8.07977337511172
7.5,517.20875,-8.19813715143902
7.5,518.705,-8.31882393197305
7.5,520.20125,-8.44189143441356
7.5,521.6975,-8.56739887294993
7.5,523.19375,-8.69540695191794
7.5,524.69,-8.82597784849478
7.5,526.18625,-8.95917518213815
7.5,527.6825,-9.09506396805707
7.5,529.17875,-9.23371055151296
7.5,530.675,-9.37518251916922
7.5,532.17125,-9.51954858302652
7.5,533.6675,-9.66687843167623
7.5,535.16375,-9.81724254265814
7.5,536.66,-9.97071194859194
7.5,538.15625,-10.1273579484403
7.5,539.6525,-10.2872517537145
7.5,541.14875,-10.4504640576214
7.5,542.645,-10.6170645130188
7.5,544.14125,-10.7871211025545
7.5,545.6375,-10.9606993814514
7.5,547.13375,-11.1378615700096
7.5,548.63,-11.3186654689622
7.5,550.12625,-11.5031631662842
7.5,551.6225,-11.6913994988486
7.5,553.11875,-11.8834102264128
7.5,554.615,-12.0792198687666
7.5,556.11125,-12.2788391495071
7.5,557.6075,-12.4822619819051
7.5,559.10375,-12.6894619238711
7.5,560.6,-12.9003880204579
7.5,562.09625,-13.1149599442017
7.5,563.5925,-13.3330623367681
7.5,565.08875,-13.55453825113
7.5,566.585,-13.7791815937454
7.5,568.08125,-14.006728473558
7.5,569.5775,-14.2368473827449
7.5,571.07375,-14.4691281677769
7.5,572.57,-14.703069804691
7.5,574.06625,-14.9380670770487
7.5,575.5625,-15.1733963775484
7.5,577.05875,-15.4082010238551
7.5,578.555,-15.6414767040027
7.5,580.05125,-15.8720579512808
7.5,581.5475,-16.0986068896568
7.5,583.04375,-16.3196058720486
7.5,584.54,-16.5333560183157
7.5,586.03625,-16.7379839835095
7.5,587.5325,-16.9314594538034
7.5,589.02875,-17.1116257526926
7.5,590.525,-17.276245405103
7.5,592.02125,-17.4230614333998
7.5,593.5175,-17.5498734998769
7.5,595.01375,-17.6546258506567
7.5,596.51,-17.735501622517
7.5,598.00625,-17.7910158977759
7.5,599.5025,-17.8200984965986
7.5,600.99875,-17.8221574054784
7.5,602.495,-17.7971152459997
7.5,603.99125,-17.7454141878021
7.5,605.4875,-17.6679886741508
7.5,606.98375,-17.5662094288375
7.5,608.48,-17.4418055770953
7.5,609.97625,-17.296773700004
7.5,611.4725,-17.1332830173014
7.5,612.96875,-16.9535848427544
7.5,614.465,-16.7599324540295
7.5,615.96125,-16.5545151362316
7.5,617.4575,-16.339407891197
7.5,618.95375,-16.1165364778422
7.5,620.45,-15.8876561987533
7.5,621.94625,-15.6543421612479
7.5,623.4425,-15.4179885141622
7.5,624.93875,-15.1798142578069
7.5,626.435,-14.9408735125037
7.5,627.93125,-14.7020685054904
7.5,629.4275,-14.4641639232286
7.5,630.92375,-14.2278016319085
7.5,632.42,-13.9935150713679
7.5,633.91625,-13.7617428702308
7.5,635.4125,-13.5328414155481
7.5,636.90875,-13.3070962459602
7.5,638.405,-13.0847322324494
7.5,639.90125,-12.8659225740408
7.5,641.3975,-12.6507966752822
7.5,642.89375,-12.4394469945471
7.5,644.39,-12.2319349623751
7.5,645.88625,-12.0282960711245
7.5,647.3825,-11.8285442340944
7.5,648.87875,-11.6326755060659
7.5,650.375,-11.4406712493522
7.5,651.87125,-11.2525008209428
7.5,653.3675,-11.0681238477903
7.5,654.86375,-10.8874921491252
7.5,656.36,-10.7105513571133
7.5,657.85625,-10.5372422802994
7.5,659.3525,-10.3675020481488
7.5,660.84875,-10.2012650695817
7.5,662.345,-10.038463833665
7.5,663.84125,-9.87902957651504
7.5,665.3375,-9.72289283491549
7.5,666.83375,-9.56998390410821
7.5,668.33,-9.42023321459544
7.5,669.82625,-9.27357164056382
7.5,671.3225,-9.12993075063036
7.5,672.81875,-8.98924300999436
7.5,674.315,-8.85144194169562
7.5,675.81125,-8.71646225350894
7.5,677.3075,-8.584239936011
7.5,678.80375,-8.45471233650821
7.5,680.3,-8.32781821280068
7.5,681.79625,-8.20349777014629
7.5,683.2925,-8.0816926842747
7.5,684.78875,-7.96234611286348
7.5,686.285,-7.84540269751487
7.5,687.78125,-7.73080855796047
7.5,689.2775,-7.61851127994756
7.5,690.77375,-7.50845989804126
7.5,692.27,-7.40060487437584
7.5,693.76625,-7.29489807423117
7.5,695.2625,-7.19129273916715
7.5,696.75875,-7.08974345833254
7.5,698.255,-6.99020613846427
7.5,699.75125,-6.89263797300698
7.5,701.2475,-6.79699741071158
7.5,702.74375,-6.70324412400859
7.5,704.24,-6.61133897740166
7.5,705.73625,-6.52124399608031
7.5,707.2325,-6.43292233491505
7.5,708.72875,-6.34633824796558
7.5,710.225,-6.26145705860449
7.5,711.72125,-6.17824513033866
7.5,713.2175,-6.09666983838771
7.5,714.71375,-6.01669954206603
7.5,716.21,-5.93830355799683
7.5,717.70625,-5.86145213417854
7.5,719.2025,-5.7861164249116
7.5,720.69875,-5.71226846658476
7.5,722.195,-5.63988115431438
7.5,723.69125,-5.56892821942181
7.5,725.1875,-5.49938420772958
7.5,726.68375,-5.43122445865131
7.5,728.18,-5.3644250850466
7.5,729.67625,-5.29896295380706
7.5,731.1725,-5.23481566713656
7.5,732.66875,-5.1719615444843
7.5,734.165,-5.11037960508633
7.5,735.66125,-5.05004955106706
7.5,737.1575,-4.99095175104726
7.5,738.65375,-4.93306722420354
7.5,740.15,-4.87637762471645
7.5,741.64625,-4.82086522654231
7.5,743.1425,-4.76651290843646
7.5,744.63875,-4.71330413915084
7.5,746.135,-4.66122296272191
7.5,747.63125,-4.61025398375667
7.5,749.1275,-4.56038235261739
7.5,750.62375,-4.51159375039605
7.5,752.12,-4.46387437355874
7.5,753.61625,-4.4172109181295
7.5,755.1125,-4.37159056326989
7.5,756.60875,-4.32700095409633
7.5,758.105,-4.28343018356289
7.5,759.60125,-4.24086677321783
7.5,761.0975,-4.19929965262509
7.5,762.59375,-4.15871813722091
7.5,764.09,-4.1191119043521
7.5,765.58625,-4.08047096721856
7.5,767.0825,-4.04278564641732
7.5,768.57875,-4.0060465387532
7.5,770.075,-3.97024448295538
7.5,771.57125,-3.93537052190195
7.5,773.0675,-3.90141586092475
7.5,774.56375,-3.86837182172768
7.5,776.06,-3.83622979141729
7.5,777.55625,-3.80498116610833
7.5,779.0525,-3.77461728852761
7.5,780.54875,-3.74512937900868
7.5,782.045,-3.71650845923391
7.5,783.54125,-3.68874526805666
7.5,785.0375,-3.66183016871217
7.5,786.53375,-3.63575304671543
7.5,788.03,-3.61050319774541
7.5,789.52625,-3.58606920482881
7.5,791.0225,-3.56243880417682
7.5,792.51875,-3.53959873908778
7.5,794.015,-3.51753460142434
7.5,795.51125,-3.49623066030627
7.5,797.0075,-3.47566967783965
7.5,798.50375,-3.45583271193571
7.5,800,-3.43669890657224
10,201.5,-1.25689148637124
10,202.99625,-1.24912826541578
10,204.4925,-1.24202680075719
10,205.98875,-1.23556414199527
10,207.485,-1.22971844322639
10,208.98125,-1.22446890570385
10,210.4775,-1.21979572371127
10,211.97375,-1.21568003349223
10,213.47,-1.21210386508022
10,214.96625,-1.2090500968757
10,216.4625,-1.20650241282097
10,217.95875,-1.20444526202832
10,219.455,-1.20286382072271
10,220.95125,-1.20174395636601
10,222.4475,-1.20107219383603
10,223.94375,-1.20083568353992
10,225.44,-1.20102217134761
10,226.93625,-1.20161997023753
10,228.4325,-1.20261793355231
10,229.92875,-1.20400542976862
10,231.425,-1.20577231869037
10,232.92125,-1.20790892898038
10,234.4175,-1.21040603695037
10,235.91375,-1.21325484653428
10,237.41,-1.21644697037434
10,238.90625,-1.21997441195394
10,240.4025,-1.2238295487151
10,241.89875,-1.22800511610275
10,243.395,-1.23249419248112
10,244.89125,-1.23729018487141
10,246.3875,-1.2423868154629
10,247.88375,-1.24777810885276
10,249.38,-1.25345837997265
10,250.87625,-1.25942222266278
10,252.3725,-1.26566449885672
10,253.86875,-1.27218032834244
10,255.365,-1.27896507906726
10,256.86125,-1.2860143579565
10,258.3575,-1.29332400221739
10,259.85375,-1.30089007110167
10,261.35,-1.30870883810196
10,262.84625,-1.3167767835585
10,264.3425,-1.32509058765427
10,265.83875,-1.33364712377801
10,267.335,-1.34244345223575
10,268.83125,-1.35147681429273
10,270.3275,-1.36074462652873
10,271.82375,-1.37024447549082
10,273.32,-1.3799741126285
10,274.81625,-1.38993144949714
10,276.3125,-1.40011455321654
10,277.80875,-1.41052164217209
10,279.305,-1.42115108194682
10,280.80125,-1.43200138147343
10,282.2975,-1.44307118939593
10,283.79375,-1.45435929063109
10,285.29,-1.46586460312069
10,286.78625,-1.47758617476585
10,288.2825,-1.48952318053542
10,289.77875,-1.50167491974081
10,291.275,-1.51404081347009
10,292.77125,-1.52662040217458
10,294.2675,-1.5394133434017
10,295.76375,-1.55241940966797
10,297.26,-1.56563848646672
10,298.75625,-1.57907057040503
10,300.2525,-1.59271576746513
10,301.74875,-1.60657429138546
10,303.245,-1.62064646215699
10,304.74125,-1.63493270463084
10,306.2375,-1.64943354723308
10,307.73375,-1.66414962078321
10,309.23,-1.67908165741294
10,310.72625,-1.69423048958187
10,312.2225,-1.70959704918728
10,313.71875,-1.72518236676501
10,315.215,-1.74098757077894
10,316.71125,-1.7570138869965
10,318.2075,-1.7732626379479
10,319.70375,-1.78973524246699
10,321.2,-1.8064332153117
10,322.69625,-1.82335816686208
10,324.1925,-1.84051180289441
10,325.68875,-1.85789592442963
10,327.185,-1.87551242765457
10,328.68125,-1.8933633039147
10,330.1775,-1.91145063977713
10,331.67375,-1.92977661716259
10,333.17,-1.94834351354546
10,334.66625,-1.96715370222088
10,336.1625,-1.98620965263801
10,337.65875,-2.00551393079874
10,339.155,-2.02506919972115
10,340.65125,-2.04487821996716
10,342.1475,-2.0649438502338
10,343.64375,-2.08526904800777
10,345.14,-2.10585687028283
10,346.63625,-2.12671047433992
10,348.1325,-2.14783311858962
10,349.62875,-2.16922816347704
10,351.125,-2.19089907244893
10,352.62125,-2.21284941298321
10,354.1175,-2.23508285768082
10,355.61375,-2.25760318542035
10,357.11,-2.28041428257541
10,358.60625,-2.30352014429523
10,360.1025,-2.32692487584893
10,361.59875,-2.35063269403371
10,363.095,-2.37464792864778
10,364.59125,-2.39897502402832
10,366.0875,-2.42361854065549
10,367.58375,-2.44858315682297
10,369.08,-2.47387367037595
10,370.57625,-2.49949500051758
10,372.0725,-2.52545218968464
10,373.56875,-2.55175040549374
10,375.065,-2.57839494275893
10,376.56125,-2.60539122558219
10,378.0575,-2.63274480951791
10,379.55375,-2.66046138381282
10,381.05,-2.68854677372291
10,382.54625,-2.71700694290877
10,384.0425,-2.74584799591116
10,385.53875,-2.77507618070848
10,387.035,-2.80469789135798
10,388.53125,-2.83471967072279
10,390.0275,-2.8651482132867
10,391.52375,-2.89599036805898
10,393.02,-2.92725314157145
10,394.51625,-2.95894370097033
10,396.0125,-2.99106937720526
10,397.50875,-3.02363766831833
10,399.005,-3.05665624283574
10,400.50125,-3.09013294326523
10,401.9975,-3.12407578970219
10,403.49375,-3.1584929835478
10,404.99,-3.19339291134258
10,406.48625,-3.22878414871886
10,407.9825,-3.26467546447595
10,409.47875,-3.3010758247819
10,410.975,-3.33799439750589
10,412.47125,-3.37544055668565
10,413.9675,-3.4134238871342
10,415.46375,-3.45195418919076
10,416.96,-3.4910414836207
10,418.45625,-3.53069601666943
10,419.9525,-3.57092826527592
10,421.44875,-3.61174894245111
10,422.945,-3.65316900282727
10,424.44125,-3.69519964838414
10,425.9375,-3.73785233435847
10,427.43375,-3.78113877534321
10,428.93,-3.8250709515836
10,430.42625,-3.86966111547697
10,431.9225,-3.91492179828394
10,433.41875,-3.96086581705855
10,434.915,-4.00750628180555
10,436.41125,-4.05485660287298
10,437.9075,-4.10293049858887
10,439.40375,-4.15174200315077
10,440.9,-4.20130547477758
10,442.39625,-4.25163560413307
10,443.8925,-4.30274742303099
10,445.38875,-4.35465631343188
10,446.885,-4.40737801674198
10,448.38125,-4.4609286434249
10,449.8775,-4.51532468293699
10,451.37375,-4.57058301399742
10,452.87,-4.62672091520439
10,454.36625,-4.68375607600882
10,455.8625,-4.74170660805708
10,457.35875,-4.80059105691428
10,458.855,-4.86042841417966
10,460.35125,-4.92123813000556
10,461.8475,-4.98304012603093
10,463.34375,-5.04585480874048
10,464.84,-5.10970308325965
10,466.33625,-5.17460636759513
10,467.8325,-5.24058660732995
10,469.32875,-5.30766629078084
10,470.825,-5.37586846462446
10,472.32125,-5.44521674999744
10,473.8175,-5.51573535907314
10,475.31375,-5.58744911211584
10,476.81,-5.66038345500992
10,478.30625,-5.73456447725878
10,479.8025,-5.81001893044351
10,481.29875,-5.88677424712718
10,482.795,-5.96485856018479
10,484.29125,-6.04430072253232
10,485.7875,-6.12513032722069
10,487.28375,-6.20737772785144
10,488.78,-6.2910740592605
10,490.27625,-6.37625125840378
10,491.7725,-6.46294208536455
10,493.26875,-6.55118014438558
10,494.765,-6.6409999048096
10,496.26125,-6.73243672178936
10,497.7575,-6.82552685660238
10,499.25375,-6.92030749637494
10,500.75,-7.01681677298481
10,502.24625,-7.11509378087131
10,503.7425,-7.21517859343367
10,505.23875,-7.31711227764398
10,506.735,-7.42093690643673
10,508.23125,-7.52669556836305
10,509.7275,-7.63443237391196
10,511.22375,-7.74419245780092
10,512.72,-7.85602197642218
10,514.21625,-7.96996809949753
10,515.7125,-8.08607899483759
10,517.20875,-8.20440380492086
10,518.705,-8.32499261379783
10,520.20125,-8.44789640258104
10,521.6975,-8.5731669914986
10,523.19375,-8.7008569661599
10,524.69,-8.83101958529959
10,526.18625,-8.96370866682298
10,527.6825,-9.09897844846063
10,529.17875,-9.23688341874351
10,530.675,-9.37747811331719
10,532.17125,-9.5208168708126
10,533.6675,-9.6669535415623
10,535.16375,-9.81594114138067
10,536.66,-9.96783144138858
10,538.15625,-10.122674483442
10,539.6525,-10.2805180090898
10,541.14875,-10.4414067881198
10,542.645,-10.6053818306238
10,544.14125,-10.7724794641063
10,545.6375,-10.9427302544488
10,547.13375,-11.1161577465227
10,548.63,-11.2927769969085
10,550.12625,-11.4725928675579
10,551.6225,-11.655598045373
10,553.11875,-11.8417707486682
10,554.615,-12.0310720774907
10,556.11125,-12.2234429610298
10,557.6075,-12.4188006522257
10,559.10375,-12.6170347176964
10,560.6,-12.8180024709777
10,562.09625,-13.0215237998009
10,563.5925,-13.2273753450517
10,565.08875,-13.4352840018874
10,566.585,-13.644919734436
10,568.08125,-13.8558877272432
10,569.5775,-14.0677199423404
10,571.07375,-14.2798662139672
10,572.57,-14.491685097156
10,574.06625,-14.7024347945813
10,575.5625,-14.9112646199221
10,577.05875,-15.1172076142998
10,578.555,-15.3191751093669
10,580.05125,-15.5159542137028
10,581.5475,-15.7062093664817
10,583.04375,-15.8884892210494
10,584.54,-16.0612401469441
10,586.03625,-16.2228275194523
10,587.5325,-16.3715656474309
10,589.02875,-16.5057566314091
10,590.525,-16.6237376338271
10,592.02125,-16.7239350210332
10,593.5175,-16.8049227074313
10,595.01375,-16.8654809681037
10,596.51,-16.9046512056359
10,598.00625,-16.9217818783183
10,599.5025,-16.9165611764192
10,600.99875,-16.889033103793
10,602.495,-16.8395952606659
10,603.99125,-16.7689785646998
10,605.4875,-16.6782110460842
10,606.98375,-16.5685693745551
10,608.48,-16.4415226866128
10,609.97625,-16.2986734947791
10,611.4725,-16.1417000443859
10,612.96875,-15.9723036141023
10,614.465,-15.7921631580262
10,615.96125,-15.6028985702411
10,617.4575,-15.4060428743123
10,618.95375,-15.2030228888513
10,620.45,-14.9951474215601
10,621.94625,-14.7836017779099
10,623.4425,-14.5694472909576
10,624.93875,-14.353624631457
10,626.435,-14.1369597913411
10,627.93125,-13.920171807294
10,629.4275,-13.7038814743641
10,630.92375,-13.4886204729585
10,632.42,-13.2748404853368
10,633.91625,-13.0629220054028
10,635.4125,-12.8531826478214
10,636.90875,-12.6458848413257
10,638.405,-12.4412428497342
10,639.90125,-12.2394291062553
10,641.3975,-12.0405798755417
10,642.89375,-11.8448002767383
10,644.39,-11.6521687120014
10,645.88625,-11.4627407507442
10,647.3825,-11.2765525218012
10,648.87875,-11.0936236650546
10,650.375,-10.9139598917464
10,651.87125,-10.7375551993884
10,653.3675,-10.5643937833521
10,654.86375,-10.3944516832075
10,656.36,-10.2276981978916
10,657.85625,-10.0640970999815
10,659.3525,-9.9036076757847
10,660.84875,-9.74618561470343
10,662.345,-9.59178376838168
10,663.84125,-9.44035279750673
10,665.3375,-9.29184172179906
10,666.83375,-9.14619838666117
10,668.33,-9.00336985814714
10,669.82625,-8.86330275633438
10,671.3225,-8.72594353580297
10,672.81875,-8.59123872073327
10,674.315,-8.45913510109736
10,675.81125,-8.32957989552247
10,677.3075,-8.2025208856332
10,678.80375,-8.07790652600908
10,680.3,-7.9556860333187
10,681.79625,-7.83580945769543
10,683.2925,-7.71822773899157
10,684.78875,-7.60289275017919
10,686.285,-7.48975732984912
10,687.78125,-7.37877530548579
10,689.2775,-7.26990150896114
10,690.77375,-7.16309178548764
10,692.27,-7.05830299709653
10,693.76625,-6.95549302155759
10,695.2625,-6.85462074752641
10,696.75875,-6.75564606659584
10,698.255,-6.65852986283041
10,699.75125,-6.56323400028172
10,701.2475,-6.46972130891134
10,702.74375,-6.37795556928635
10,704.24,-6.28790149636132
10,705.73625,-6.19952472261425
10,707.2325,-6.1127917807664
10,708.72875,-6.02767008628248
10,710.225,-5.94412791981891
10,711.72125,-5.86213440976472
10,713.2175,-5.78165951499827
10,714.71375,-5.70267400796572
10,716.21,-5.62514945817317
10,717.70625,-5.54905821617108
10,719.2025,-5.4743733981006
10,720.69875,-5.40106887086209
10,722.195,-5.32911923796045
10,723.69125,-5.25849982607576
10,725.1875,-5.18918667240504
10,726.68375,-5.1211565128171
10,728.18,-5.05438677086208
10,729.67625,-4.98885554767621
10,731.1725,-4.92454161282261
10,732.66875,-4.86142439611182
10,734.165,-4.7994839804461
10,735.66125,-4.73870109573715
10,737.1575,-4.67905711394953
10,738.65375,-4.62053404532867
10,740.15,-4.56311453587785
10,741.64625,-4.50678186615719
10,743.1425,-4.45151995148552
10,744.63875,-4.39731334363711
10,746.135,-4.34414723413656
10,747.63125,-4.29200745926878
10,749.1275,-4.24088050693676
10,750.62375,-4.1907535255173
10,752.12,-4.14161433488543
10,753.61625,-4.09345143980122
10,755.1125,-4.04625404587991
10,756.60875,-4.00001207839626
10,758.105,-3.95471620420999
10,759.60125,-3.91035785713917
10,761.0975,-3.8669292671558
10,762.59375,-3.82442349383185
10,764.09,-3.78283446452708
10,765.58625,-3.74215701788311
10,767.0825,-3.70238695327391
10,768.57875,-3.66352108696187
10,770.075,-3.62555731582672
10,771.57125,-3.58849468967104
10,773.0675,-3.55233349326879
10,774.56375,-3.51707533951465
10,776.06,-3.4827232752601
10,777.55625,-3.4492819016916
10,779.0525,-3.41675751143121
10,780.54875,-3.38515824492598
10,782.045,-3.35449426915962
10,783.54125,-3.32477798228276
10,785.0375,-3.29602424843976
10,786.53375,-3.26825066790197
10,788.03,-3.2414778886318
10,789.52625,-3.21572996665006
10,791.0225,-3.19103478411705
10,792.51875,-3.16742453594605
10,794.015,-3.14493629814499
10,795.51125,-3.12361269406087
10,797.0075,-3.10350267845337
10,798.50375,-3.08466246408046
10,800,-3.06715662154312
12.5,201.5,-1.20948107014538
12.5,202.99625,-1.20447431458514
12.5,204.4925,-1.20016537104332
12.5,205.98875,-1.19651285922294
12.5,207.485,-1.19347932190814
12.5,208.98125,-1.19103079324061
12.5,210.4775,-1.18913642314297
12.5,211.97375,-1.18776814957949
12.5,213.47,-1.18690041171255
12.5,214.96625,-1.18650989813366
12.5,216.4625,-1.18657532526888
12.5,217.95875,-1.18707724181875
12.5,219.455,-1.18799785572307
12.5,220.95125,-1.1893208806645
12.5,222.4475,-1.19103139956207
12.5,223.94375,-1.19311574287195
12.5,225.44,-1.19556137981979
12.5,226.93625,-1.19835682094832
12.5,228.4325,-1.20149153058241
12.5,229.92875,-1.20495584799942
12.5,231.425,-1.20874091625021
12.5,232.92125,-1.21283861771037
12.5,234.4175,-1.21724151555627
12.5,235.91375,-1.22194280045857
12.5,237.41,-1.22693624187067
12.5,238.90625,-1.23221614336231
12.5,240.4025,-1.23777730151185
12.5,241.89875,-1.24361496792558
12.5,243.395,-1.24972481400028
12.5,244.89125,-1.2561028980877
12.5,246.3875,-1.26274563475662
12.5,247.88375,-1.26964976588171
12.5,249.38,-1.27681233331851
12.5,250.87625,-1.28423065295101
12.5,252.3725,-1.29190228992397
12.5,253.86875,-1.29982503489586
12.5,255.365,-1.30799688117067
12.5,256.86125,-1.31641600258906
12.5,258.3575,-1.32508073208048
12.5,259.85375,-1.3339895407992
12.5,261.35,-1.34314101778837
12.5,262.84625,-1.35253385013766
12.5,264.3425,-1.36216680362172
12.5,265.83875,-1.37203870382841
12.5,267.335,-1.38214841780822
12.5,268.83125,-1.39249483629816
12.5,270.3275,-1.40307685659559
12.5,271.82375,-1.41389336617904
12.5,273.32,-1.42494322719367
12.5,274.81625,-1.4362252619383
12.5,276.3125,-1.44773823950843
12.5,277.80875,-1.4594808637641
12.5,279.305,-1.47145176280325
12.5,280.80125,-1.48364948012823
12.5,282.2975,-1.49607246769596
12.5,283.79375,-1.50871908103929
12.5,285.29,-1.52158757663805
12.5,286.78625,-1.53467611170294
12.5,288.2825,-1.5479827465125
12.5,289.77875,-1.56150544941429
12.5,291.275,-1.57524210456462
12.5,292.77125,-1.58919052243831
12.5,294.2675,-1.60334845309124
12.5,295.76375,-1.61771360210509
12.5,297.26,-1.63228364908687
12.5,298.75625,-1.64705626853756
12.5,300.2525,-1.66202915284606
12.5,301.74875,-1.6772000371088
12.5,303.245,-1.69256672542398
12.5,304.74125,-1.70812711826463
12.5,306.2375,-1.72387924049832
12.5,307.73375,-1.7398212695952
12.5,309.23,-1.75595156355169
12.5,310.72625,-1.7722686880553
12.5,312.2225,-1.78877144242694
12.5,313.71875,-1.80545888390142
12.5,315.215,-1.822330349843
12.5,316.71125,-1.83938547754019
12.5,318.2075,-1.85662422128088
12.5,319.70375,-1.87404686647311
12.5,321.2,-1.89165404064612
12.5,322.69625,-1.90944672123811
12.5,324.1925,-1.92742624014931
12.5,325.68875,-1.94559428510878
12.5,327.185,-1.96395289796832
12.5,328.68125,-1.98250447009613
12.5,330.1775,-2.00125173509345
12.5,331.67375,-2.02019775909956
12.5,333.17,-2.03934592898254
12.5,334.66625,-2.05869993873557
12.5,336.1625,-2.07826377441104
12.5,337.65875,-2.09804169792775
12.5,339.155,-2.11803823008136
12.5,340.65125,-2.13825813307557
12.5,342.1475,-2.15870639287233
12.5,343.64375,-2.17938820163567
12.5,345.14,-2.20030894051576
12.5,346.63625,-2.22147416298991
12.5,348.1325,-2.24288957894548
12.5,349.62875,-2.26456103965805
12.5,351.125,-2.28649452378703
12.5,352.62125,-2.30869612448099
12.5,354.1175,-2.33117203765728
12.5,355.61375,-2.35392855149493
12.5,357.11,-2.37697203715724
12.5,358.60625,-2.40030894074023
12.5,360.1025,-2.42394577642652
12.5,361.59875,-2.44788912080962
12.5,363.095,-2.47214560834243
12.5,364.59125,-2.4967219278548
12.5,366.0875,-2.52162482007851
12.5,367.58375,-2.54686107611349
12.5,369.08,-2.57243753676683
12.5,370.57625,-2.59836109269485
12.5,372.0725,-2.62463868527914
12.5,373.56875,-2.6512773081689
12.5,375.065,-2.67828400942446
12.5,376.56125,-2.70566589419965
12.5,378.0575,-2.73343012790489
12.5,379.55375,-2.76158393979618
12.5,381.05,-2.79013462694002
12.5,382.54625,-2.81908955850816
12.5,384.0425,-2.84845618036073
12.5,385.53875,-2.8782420198804
12.5,387.035,-2.90845469102452
12.5,388.53125,-2.93910189956601
12.5,390.0275,-2.97019144849789
12.5,391.52375,-3.00173124357952
12.5,393.02,-3.03372929900634
12.5,394.51625,-3.06619374318764
12.5,396.0125,-3.09913282462018
12.5,397.50875,-3.13255491784756
12.5,399.005,-3.16646852949823
12.5,400.50125,-3.20088230439654
12.5,401.9975,-3.23580503174385
12.5,403.49375,-3.2712456513679
12.5,404.99,-3.30721326004073
12.5,406.48625,-3.34371711786632
12.5,407.9825,-3.38076665474094
12.5,409.47875,-3.41837147688994
12.5,410.975,-3.4565413734859
12.5,412.47125,-3.49528632335385
12.5,413.9675,-3.53461650177035
12.5,415.46375,-3.57454228736348
12.5,416.96,-3.61507426912203
12.5,418.45625,-3.65622325352223
12.5,419.9525,-3.69800027178128
12.5,421.44875,-3.7404165872474
12.5,422.945,-3.78348370293633
12.5,424.44125,-3.82721336922497
12.5,425.9375,-3.87161759171321
12.5,427.43375,-3.91670863926515
12.5,428.93,-3.9624990522417
12.5,430.42625,-4.00900165093662
12.5,431.9225,-4.05622954422865
12.5,433.41875,-4.10419613846268
12.5,434.915,-4.15291514657324
12.5,436.41125,-4.20240059746421
12.5,437.9075,-4.25266684565875
12.5,439.40375,-4.30372858123423
12.5,440.9,-4.35560084005691
12.5,442.39625,-4.40829901433201
12.5,443.8925,-4.46183886348497
12.5,445.38875,-4.51623652539014
12.5,446.885,-4.57150852796387
12.5,448.38125,-4.62767180113899
12.5,449.8775,-4.68474368923859
12.5,451.37375,-4.74274196376712
12.5,452.87,-4.8016848366374
12.5,454.36625,-4.86159097385263
12.5,455.8625,-4.92247950966284
12.5,457.35875,-4.98437006121546
12.5,458.855,-5.04728274372031
12.5,460.35125,-5.11123818614944
12.5,461.8475,-5.17625754749233
12.5,463.34375,-5.24236253358735
12.5,464.84,-5.30957541455036
12.5,466.33625,-5.37791904282093
12.5,467.8325,-5.44741687184688
12.5,469.32875,-5.51809297542694
12.5,470.825,-5.58997206773099
12.5,472.32125,-5.66307952401615
12.5,473.8175,-5.73744140205587
12.5,475.31375,-5.8130844642975
12.5,476.81,-5.89003620076161
12.5,478.30625,-5.96832485269369
12.5,479.8025,-6.04797943697589
12.5,481.29875,-6.12902977130184
12.5,482.795,-6.21150650011331
12.5,484.29125,-6.29544112129112
12.5,485.7875,-6.38086601358591
12.5,487.28375,-6.46781446476531
12.5,488.78,-6.55632070044467
12.5,490.27625,-6.64641991355551
12.5,491.7725,-6.7381482943921
12.5,493.26875,-6.83154306115908
12.5,494.765,-6.92664249092318
12.5,496.26125,-7.02348595084809
12.5,497.7575,-7.12211392956342
12.5,499.25375,-7.22256806848595
12.5,500.75,-7.32489119287187
12.5,502.24625,-7.42912734233371
12.5,503.7425,-7.53532180050102
12.5,505.23875,-7.64352112344158
12.5,506.735,-7.75377316638489
12.5,508.23125,-7.86612710820305
12.5,509.7275,-7.98063347300171
12.5,511.22375,-8.09734414805354
12.5,512.72,-8.21631239716551
12.5,514.21625,-8.33759286840604
12.5,515.7125,-8.46124159492302
12.5,517.20875,-8.58731598735561
12.5,518.705,-8.71587481607404
12.5,520.20125,-8.84697818116664
12.5,521.6975,-8.98068746772223
12.5,523.19375,-9.11706528352133
12.5,524.69,-9.25617537573688
12.5,526.18625,-9.39808252264494
12.5,527.6825,-9.54285239563798
12.5,529.17875,-9.69055138600374
12.5,530.675,-9.84124638995753
12.5,532.17125,-9.99500454427102
12.5,533.6675,-10.1518929034985
12.5,535.16375,-10.3119780482289
12.5,536.66,-10.4753256119513
12.5,538.15625,-10.6419997119742
12.5,539.6525,-10.8120622673332
12.5,541.14875,-10.9855721837153
12.5,542.645,-11.162584382061
12.5,544.14125,-11.3431486436297
12.5,545.6375,-11.5273082398772
12.5,547.13375,-11.7150983104566
12.5,548.63,-11.9065439469864
12.5,550.12625,-12.1016579339533
12.5,551.6225,-12.3004380912677
12.5,553.11875,-12.5028641557208
12.5,554.615,-12.708894131141
12.5,556.11125,-12.9184600298233
12.5,557.6075,-13.1314629214698
12.5,559.10375,-13.3477672013984
12.5,560.6,-13.5671939885626
12.5,562.09625,-13.7895135679922
12.5,563.5925,-14.0144368043404
12.5,565.08875,-14.2416054769834
12.5,566.585,-14.4705815272944
12.5,568.08125,-14.7008352711865
12.5,569.5775,-14.9317327217472
12.5,571.07375,-15.1625222953908
12.5,572.57,-15.3923213478403
12.5,574.06625,-15.6201032089349
12.5,575.5625,-15.8446856586511
12.5,577.05875,-16.0647221031475
12.5,578.555,-16.2786970476083
12.5,580.05125,-16.4849277810041
12.5,581.5475,-16.6815744206906
12.5,583.04375,-16.8666605199419
12.5,584.54,-17.0381062069219
12.5,586.03625,-17.1937751853986
12.5,587.5325,-17.331535803531
12.5,589.02875,-17.4493347831962
12.5,590.525,-17.5452802210647
12.5,592.02125,-17.6177284027043
12.5,593.5175,-17.6653672318804
12.5,595.01375,-17.6872881490784
12.5,596.51,-17.6830386978537
12.5,598.00625,-17.6526495605205
12.5,599.5025,-17.5966327468411
12.5,600.99875,-17.5159511607463
12.5,602.495,-17.4119632646613
12.5,603.99125,-17.2863492971749
12.5,605.4875,-17.1410269947855
12.5,606.98375,-16.9780648882617
12.5,608.48,-16.7996001910707
12.5,609.97625,-16.6077664915112
12.5,611.4725,-16.4046343808889
12.5,612.96875,-16.1921662023181
12.5,614.465,-15.9721845476868
12.5,615.96125,-15.7463530685758
12.5,617.4575,-15.5161675840294
12.5,618.95375,-15.2829552756161
12.5,620.45,-15.0478798430916
12.5,621.94625,-14.8119507418089
12.5,623.4425,-14.5760349468117
12.5,624.93875,-14.3408700256267
12.5,626.435,-14.1070776137138
12.5,627.93125,-13.8751766538588
12.5,629.4275,-13.6455959771611
12.5,630.92375,-13.4186859703314
12.5,632.42,-13.1947291976506
12.5,633.91625,-12.9739499336537
12.5,635.4125,-12.7565226219706
12.5,636.90875,-12.5425793136081
12.5,638.405,-12.3322161600445
12.5,639.90125,-12.1254990474229
12.5,641.3975,-11.9224684614041
12.5,642.89375,-11.7231436705396
12.5,644.39,-11.5275263112423
12.5,645.88625,-11.3356034509447
12.5,647.3825,-11.1473501987555
12.5,648.87875,-10.9627319254779
12.5,650.375,-10.7817061476233
12.5,651.87125,-10.6042241232755
12.5,653.3675,-10.4302322014518
12.5,654.86375,-10.259672961022
12.5,656.36,-10.0924861702827
12.5,657.85625,-9.92860959391869
12.5,659.3525,-9.76797967027061
12.5,660.84875,-9.61053207852063
12.5,662.345,-9.45620221254822
12.5,663.84125,-9.30492557574739
12.5,665.3375,-9.15663810898313
12.5,666.83375,-9.01127646205355
12.5,668.33,-8.86877821747327
12.5,669.82625,-8.72908207406758
12.5,671.3225,-8.59212799673255
12.5,672.81875,-8.45785733774514
12.5,674.315,-8.32621293417607
12.5,675.81125,-8.19713918524411
12.5,677.3075,-8.07058211283597
12.5,678.80375,-7.94648940788657
12.5,680.3,-7.82481046485155
12.5,681.79625,-7.70549640610508
12.5,683.2925,-7.58850009774011
12.5,684.78875,-7.47377615793644
12.5,686.285,-7.36128095878085
12.5,687.78125,-7.25097262217075
12.5,689.2775,-7.14281101020021
12.5,690.77375,-7.03675771021447
12.5,692.27,-6.93277601451937
12.5,693.76625,-6.83083089454559
12.5,695.2625,-6.73088896909389
12.5,696.75875,-6.63291846612281
12.5,698.255,-6.53688917738981
12.5,699.75125,-6.44277240511983
12.5,701.2475,-6.35054089975559
12.5,702.74375,-6.26016878774756
12.5,704.24,-6.17163148827081
12.5,705.73625,-6.08490561772369
12.5,707.2325,-5.9999688808714
12.5,708.72875,-5.91679994756092
12.5,710.225,-5.83537831405986
12.5,711.72125,-5.75568414827209
12.5,713.2175,-5.67769811836695
12.5,714.71375,-5.60140120473812
12.5,716.21,-5.52677449568478
12.5,717.70625,-5.45379896779007
12.5,719.2025,-5.38245525265422
12.5,720.69875,-5.31272339241504
12.5,722.195,-5.24458258734038
12.5,723.69125,-5.17801093967892
12.5,725.1875,-5.11298519887136
12.5,726.68375,-5.04948051410733
12.5,728.18,-4.98747020100725
12.5,729.67625,-4.92692552985067
12.5,731.1725,-4.86781554319226
12.5,732.66875,-4.81010691083976
12.5,734.165,-4.75376382994885
12.5,735.66125,-4.6987479773726
12.5,737.1575,-4.64501852035729
12.5,738.65375,-4.59253219019821
12.5,740.15,-4.54124342159184
12.5,741.64625,-4.49110455820011
12.5,743.1425,-4.44206612248385
12.5,744.63875,-4.39407714528497
12.5,746.135,-4.34708554809443
12.5,747.63125,-4.30103856859165
12.5,749.1275,-4.25588321803974
12.5,750.62375,-4.21156675760912
12.5,752.12,-4.16803717978734
12.5,753.61625,-4.12524368078675
12.5,755.1125,-4.08313711029949
12.5,756.60875,-4.04167038604196
12.5,758.105,-4.0007988621987
12.5,759.60125,-3.96048064300056
12.5,761.0975,-3.92067683510743
12.5,762.59375,-3.8813517350528
12.5,764.09,-3.8424729505862
12.5,765.58625,-3.80401145717579
12.5,767.0825,-3.76594159308446
12.5,768.57875,-3.72824099822208
12.5,770.075,-3.69089050334582
12.5,771.57125,-3.65387397711097
12.5,773.0675,-3.61717813897712
12.5,774.56375,-3.58079234608229
12.5,776.06,-3.54470836196547
12.5,777.55625,-3.50892011451176
12.5,779.0525,-3.47342344978251
12.5,780.54875,-3.43821588754395
12.5,782.045,-3.40329638338723
12.5,783.54125,-3.36866510139206
12.5,785.0375,-3.33432320037268
12.5,786.53375,-3.30027263589103
12.5,788.03,-3.26651597945189
12.5,789.52625,-3.23305625562262
12.5,791.0225,-3.19989679725281
12.5,792.51875,-3.16704111850473
12.5,794.015,-3.13449280504243
12.5,795.51125,-3.10225542045457
12.5,797.0075,-3.07033242779359
12.5,798.50375,-3.03872712499365
12.5,800,-3.00744259286498
15,201.5,-1.29295444153046
15,202.99625,-1.28868634852116
15,204.4925,-1.2850801467331
15,205.98875,-1.28209886716403
15,207.485,-1.27970893704812
15,208.98125,-1.27787982737322
15,210.4775,-1.27658374337934
15,211.97375,-1.27579535216747
15,213.47,-1.27549154241808
15,214.96625,-1.27565121195129
15,216.4625,-1.27625507947724
15,217.95875,-1.27728551740523
15,219.455,-1.2787264030196
15,220.95125,-1.28056298570204
15,222.4475,-1.28278176819509
15,223.94375,-1.28537040016905
15,225.44,-1.28831758258249
15,226.93625,-1.29161298152025
15,228.4325,-1.29524715035887
15,229.92875,-1.29921145925109
15,231.425,-1.30349803104296
15,232.92125,-1.30809968284142
15,234.4175,-1.31300987254095
15,235.91375,-1.31822264969542
15,237.41,-1.32373261018953
15,238.90625,-1.32953485422324
15,240.4025,-1.33562494717457
15,241.89875,-1.34199888295233
15,243.395,-1.34865304949149
15,244.89125,-1.35558419608098
15,246.3875,-1.36278940224804
15,247.88375,-1.37026604795504
15,249.38,-1.37801178489462
15,250.87625,-1.38602450869835
15,252.3725,-1.39430233190224
15,253.86875,-1.4028435575413
15,255.365,-1.41164665327326
15,256.86125,-1.42071022596143
15,258.3575,-1.43003299667599
15,259.85375,-1.43961377610401
15,261.35,-1.44945144038973
15,262.84625,-1.45954490745891
15,264.3425,-1.4698931139135
15,265.83875,-1.48049499261493
15,267.335,-1.49134945110659
15,268.83125,-1.50245535105578
15,270.3275,-1.5138114889238
15,271.82375,-1.5254165780974
15,273.32,-1.53726923273527
15,274.81625,-1.54936795359776
15,276.3125,-1.56171111613641
15,277.80875,-1.57429696111968
15,279.305,-1.58712358806252
15,280.80125,-1.60018895170911
15,282.2975,-1.6134908617887
15,283.79375,-1.62702698622554
15,285.29,-1.64079485793353
15,286.78625,-1.65479188526702
15,288.2825,-1.66901536613048
15,289.77875,-1.68346250567516
15,291.275,-1.69813043743038
15,292.77125,-1.71301624763529
15,294.2675,-1.72811700245527
15,295.76375,-1.74342977768956
15,297.26,-1.75895169050597
15,298.75625,-1.774679932678
15,300.2525,-1.7906118047519
15,301.74875,-1.80674475053863
15,303.245,-1.82307639131024
15,304.74125,-1.83960455908222
15,306.2375,-1.8563273283843
15,307.73375,-1.87324304595988
15,309.23,-1.89035035788895
15,310.72625,-1.9076482336973
15,312.2225,-1.92513598709499
15,313.71875,-1.94281329307441
15,315.215,-1.96068020119142
15,316.71125,-1.97873714494655
15,318.2075,-1.99698494727537
15,319.70375,-2.01542482224338
15,321.2,-2.03405837311983
15,322.69625,-2.05288758707314
15,324.1925,-2.07191482678781
15,325.68875,-2.09114281934705
15,327.185,-2.11057464275695
15,328.68125,-2.13021371050666
15,330.1775,-2.15006375456597
15,331.67375,-2.1701288072174
15,333.17,-2.1904131821061
15,334.66625,-2.21092145486915
15,336.1625,-2.23165844367759
15,337.65875,-2.2526291899917
15,339.155,-2.27383893979397
15,340.65125,-2.29529312552671
15,342.1475,-2.31699734892311
15,343.64375,-2.33895736488364
15,345.14,-2.36117906651401
15,346.63625,-2.38366847140804
15,348.1325,-2.40643170922848
15,349.62875,-2.4294750106123
15,351.125,-2.45280469740301
15,352.62125,-2.47642717419321
15,354.1175,-2.50034892114335
15,355.61375,-2.52457648802997
15,357.11,-2.54911648946563
15,358.60625,-2.57397560122567
15,360.1025,-2.59916055761156
15,361.59875,-2.62467814977721
15,363.095,-2.65053522494395
15,364.59125,-2.67673868642964
15,366.0875,-2.70329549441918
15,367.58375,-2.73021266740624
15,369.08,-2.75749728423909
15,370.57625,-2.78515648670763
15,372.0725,-2.8131974826128
15,373.56875,-2.84162754926392
15,375.065,-2.87045403735458
15,376.56125,-2.89968437517188
15,378.0575,-2.92932607309873
15,379.55375,-2.9593867283732
15,381.05,-2.98987403007322
15,382.54625,-3.0207957642991
15,384.0425,-3.05215981952992
15,385.53875,-3.08397419213374
15,387.035,-3.11624699201444
15,388.53125,-3.14898644838163
15,390.0275,-3.18220091563229
15,391.52375,-3.21589887933572
15,393.02,-3.25008896231565
15,394.51625,-3.2847799308254
15,396.0125,-3.31998070081382
15,397.50875,-3.35570034428176
15,399.005,-3.39194809573
15,400.50125,-3.42873335870121
15,401.9975,-3.4660657124198
15,403.49375,-3.50395491853443
15,404.99,-3.54241092796922
15,406.48625,-3.58144388789066
15,407.9825,-3.62106414879774
15,409.47875,-3.66128227174413
15,410.975,-3.70210903570155
15,412.47125,-3.74355544507439
15,413.9675,-3.78563273737622
15,415.46375,-3.82835239107949
15,416.96,-3.87172613365029
15,418.45625,-3.91576594978073
15,419.9525,-3.96048408983191
15,421.44875,-4.00589307850139
15,422.945,-4.05200572372907
15,424.44125,-4.09883512585685
15,425.9375,-4.14639468705725
15,427.43375,-4.19469812104729
15,428.93,-4.24375946310459
15,430.42625,-4.29359308040314
15,431.9225,-4.3442136826872
15,433.41875,-4.39563633330233
15,434.915,-4.4478764606036
15,436.41125,-4.50094986976174
15,437.9075,-4.554872754989
15,439.40375,-4.60966171220738
15,440.9,-4.66533375218302
15,442.39625,-4.72190631415151
15,443.8925,-4.77939727996013
15,445.38875,-4.83782498875404
15,446.885,-4.89720825223495
15,448.38125,-4.95756637052189
15,449.8775,-5.01891914864524
15,451.37375,-5.08128691370648
15,452.87,-5.14469053273787
15,454.36625,-5.20915143129739
15,455.8625,-5.27469161283661
15,457.35875,-5.34133367887999
15,458.855,-5.40910085005667
15,460.35125,-5.47801698802692
15,461.8475,-5.54810661834775
15,463.34375,-5.61939495432376
15,464.84,-5.69190792189123
15,466.33625,-5.76567218558532
15,467.8325,-5.84071517564218
15,469.32875,-5.91706511628939
15,470.825,-5.99475105528014
15,472.32125,-6.07380289472769
15,473.8175,-6.15425142329873
15,475.31375,-6.2361283498248
15,476.81,-6.31946633839239
15,478.30625,-6.40429904497256
15,479.8025,-6.49066115565106
15,481.29875,-6.57858842651962
15,482.795,-6.66811772528744
15,484.29125,-6.75928707467019
15,485.7875,-6.8521356976102
15,487.28375,-6.94670406437709
15,488.78,-7.04303394159187
15,490.27625,-7.14116844320891
15,491.7725,-7.24115208347999
15,493.26875,-7.34303083191043
15,494.765,-7.44685217020056
15,496.26125,-7.5526651511441
15,497.7575,-7.66052045942839
15,499.25375,-7.77047047424879
15,500.75,-7.8825693336093
15,502.24625,-7.99687300013231
15,503.7425,-8.11343932814038
15,505.23875,-8.23232813170094
15,506.735,-8.35360125323538
15,508.23125,-8.47732263218846
15,509.7275,-8.60355837312418
15,511.22375,-8.73237681245821
15,512.72,-8.86384858284903
15,514.21625,-8.99804667404241
15,515.7125,-9.13504648868994
15,517.20875,-9.27492589133175
15,518.705,-9.41776524833512
15,520.20125,-9.56364745610009
15,521.6975,-9.7126579542639
15,523.19375,-9.86488471993681
15,524.69,-10.0204182381587
15,526.18625,-10.1793514427493
15,527.6825,-10.3417796204951
15,529.17875,-10.5078002701359
15,530.675,-10.6775129058241
15,532.17125,-10.8510187925697
15,533.6675,-11.0284205985778
15,535.16375,-11.2098219462428
15,536.66,-11.3953268397698
15,538.15625,-11.5850389428321
15,539.6525,-11.7790606741794
15,541.14875,-11.9774920825248
15,542.645,-12.180429454149
15,544.14125,-12.387963597251
15,545.6375,-12.6001777359096
15,547.13375,-12.8171449333447
15,548.63,-13.0389249487611
15,550.12625,-13.2655604142352
15,551.6225,-13.4970721978023
15,553.11875,-13.7334537962566
15,554.615,-13.9746645766726
15,556.11125,-14.2206216603427
15,557.6075,-14.4711902186171
15,559.10375,-14.7261719302544
15,560.6,-14.9852913394525
15,562.09625,-15.2481798605455
15,563.5925,-15.5143572108162
15,565.08875,-15.7832101331157
15,566.585,-16.0539684167289
15,568.08125,-16.3256784660283
15,569.5775,-16.5971750349947
15,571.07375,-16.8670522765174
15,572.57,-17.1336359772918
15,574.06625,-17.3949597701625
15,575.5625,-17.648749199914
15,577.05875,-17.8924186538009
15,578.555,-18.1230871311894
15,580.05125,-18.3376192584617
15,581.5475,-18.532697374168
15,583.04375,-18.7049283973544
15,584.54,-18.8509851825786
15,586.03625,-18.9677762208704
15,587.5325,-19.0526306353349
15,589.02875,-19.1034790164324
15,590.525,-19.1190068455075
15,592.02125,-19.0987579764828
15,593.5175,-19.0431716743624
15,595.01375,-18.9535470643292
15,596.51,-18.8319408930872
15,598.00625,-18.6810149257936
15,599.5025,-18.5038554371994
15,600.99875,-18.3037880847283
15,602.495,-18.0842077315463
15,603.99125,-17.8484364160067
15,605.4875,-17.5996157451972
15,606.98375,-17.3406341132419
15,608.48,-17.074085094772
15,609.97625,-16.8022512152282
15,611.4725,-16.5271066917964
15,612.96875,-16.2503331547341
15,614.465,-15.9733433150148
15,615.96125,-15.6973086786422
15,617.4575,-15.4231884946764
15,618.95375,-15.1517580489987
15,620.45,-14.8836351419181
15,621.94625,-14.6193041222799
15,623.4425,-14.3591372222928
15,624.93875,-14.1034131806953
15,626.435,-13.8523332902928
15,627.93125,-13.6060350872706
15,629.4275,-13.3646039359102
15,630.92375,-13.1280827696114
15,632.42,-12.8964802389567
15,633.91625,-12.6697774978118
15,635.4125,-12.4479338342994
15,636.90875,-12.2308913281707
15,638.405,-12.0185786915643
15,639.90125,-11.8109144274541
15,641.3975,-11.6078094197321
15,642.89375,-11.4091690510002
15,644.39,-11.2148949286896
15,645.88625,-11.0248862869073
15,647.3825,-10.8390411202069
15,648.87875,-10.6572570960338
15,650.375,-10.4794322846819
15,651.87125,-10.305465738982
15,653.3675,-10.1352579504321
15,654.86375,-9.96871120389525
15,656.36,-9.80572984918723
15,657.85625,-9.64622050471763
15,659.3525,-9.49009220573168
15,660.84875,-9.33725650753265
15,662.345,-9.18762755226471
15,663.84125,-9.04112210634987
15,665.3375,-8.89765957443657
15,666.83375,-8.7571619946942
15,668.33,-8.61955401943886
15,669.82625,-8.48476288437122
15,671.3225,-8.35271836911982
15,672.81875,-8.22335275129838
15,674.315,-8.09660075587703
15,675.81125,-7.97239950133124
15,677.3075,-7.85068844374612
15,678.80375,-7.73140931981824
15,680.3,-7.61450608949518
15,681.79625,-7.49992487882297
15,683.2925,-7.38761392342747
15,684.78875,-7.27752351292987
15,686.285,-7.16960593648728
15,687.78125,-7.0638154295541
15,689.2775,-6.96010812187177
15,690.77375,-6.85844198661704
15,692.27,-6.75877679056349
15,693.76625,-6.66107404504213
15,695.2625,-6.56529695741821
15,696.75875,-6.47141038273594
15,698.255,-6.37938077511528
15,699.75125,-6.28917613842067
15,701.2475,-6.20076597565401
15,702.74375,-6.11412123645877
15,704.24,-6.02921426205703
15,705.73625,-5.94601872687688
15,707.2325,-5.86450957606826
15,708.72875,-5.78466295804992
15,710.225,-5.7064561511845
15,711.72125,-5.62986748364374
15,713.2175,-5.55487624550786
15,714.71375,-5.48146259214615
15,716.21,-5.40960743795564
15,717.70625,-5.33929233959853
15,719.2025,-5.27049936798367
15,720.69875,-5.20321096838961
15,722.195,-5.13740980833584
15,723.69125,-5.07307861308006
15,725.1875,-5.01019998895982
15,726.68375,-4.94875623521116
15,728.18,-4.88872914538592
15,729.67625,-4.83009980005292
15,731.1725,-4.772848353097
15,732.66875,-4.71695381461521
15,734.165,-4.66239383412967
15,735.66125,-4.60914448856584
15,737.1575,-4.55718008015011
15,738.65375,-4.50647295001958
15,740.15,-4.45699331385945
15,741.64625,-4.40870912624197
15,743.1425,-4.361585980474
15,744.63875,-4.31558705062291
15,746.135,-4.27067308193202
15,747.63125,-4.22680243502809
15,749.1275,-4.18393118814698
15,750.62375,-4.14201330006951
15,752.12,-4.10100083459982
15,753.61625,-4.06084424529862
15,755.1125,-4.02149271689145
15,756.60875,-3.98289455742611
15,758.105,-3.94499763298294
15,759.60125,-3.90774983469044
15,761.0975,-3.87109956610511
15,762.59375,-3.83499623779912
15,764.09,-3.799390755362
15,765.58625,-3.76423598701774
15,767.0825,-3.72948719770587
15,768.57875,-3.69510243773961
15,770.075,-3.66104287596227
15,771.57125,-3.62727306956225
15,773.0675,-3.59376116523463
15,774.56375,-3.56047902904081
15,776.06,-3.52740230495725
15,777.55625,-3.4945104045783
15,779.0525,-3.46178643261939
15,780.54875,-3.4292170546674
15,782.045,-3.39679231498142
15,783.54125,-3.36450541303974
15,785.0375,-3.3323524479633
15,786.53375,-3.30033213995881
15,788.03,-3.26844553757338
15,789.52625,-3.23669571890329
15,791.0225,-3.20508749403191
15,792.51875,-3.17362711495803
15,794.015,-3.14232199818771
15,795.51125,-3.11118046406257
15,797.0075,-3.08021149583342
15,798.50375,-3.04942452050138
15,800,-3.01882921256511
