"fat_thickness [mm]","Freq [MHz]","VSWR(1) []"
5,201.5,13.6400129956155
5,202.99625,13.7022687500487
5,204.4925,13.7561203876652
5,205.98875,13.8019876992734
5,207.485,13.8402690223231
5,208.98125,13.8713423925647
5,210.4775,13.8955666400827
5,211.97375,13.913282429887
5,213.47,13.9248132480084
5,214.96625,13.930466334592
5,216.4625,13.9305335658578
5,217.95875,13.925292287047
5,219.455,13.915006098626
5,220.95125,13.8999255981005
5,222.4475,13.8802890798178
5,223.94375,13.8563231951259
5,225.44,13.8282435752134
5,226.93625,13.7962554188963
5,228.4325,13.7605540475406
5,229.92875,13.7213254292285
5,231.425,13.6787466741848
5,232.92125,13.6329865033912
5,234.4175,13.5842056922223
5,235.91375,13.5325574908472
5,237.41,13.4781880230518
5,238.90625,13.421236665048
5,240.4025,13.3618364057515
5,241.89875,13.3001141899299
5,243.395,13.2361912455365
5,244.89125,13.1701833964729
5,246.3875,13.1022013619388
5,247.88375,13.0323510434549
5,249.38,12.960733800561
5,250.87625,12.8874467161155
5,252.3725,12.8125828520354
5,253.86875,12.7362314962318
5,255.365,12.6584784014026
5,256.86125,12.5794060162453
5,258.3575,12.4990937095501
5,259.85375,12.4176179875177
5,261.35,12.3350527045251
5,262.84625,12.2514692674315
5,264.3425,12.166936833374
5,265.83875,12.0815225008526
5,267.335,11.9952914937465
5,268.83125,11.9083073377334
5,270.3275,11.8206320284179
5,271.82375,11.7323261902983
5,273.32,11.6434492255343
5,274.81625,11.5540594513175
5,276.3125,11.4642142244992
5,277.80875,11.3739700520096
5,279.305,11.2833826855078
5,280.80125,11.1925071986558
5,282.2975,11.1013980454084
5,283.79375,11.0101090977718
5,285.29,10.9186936616183
5,286.78625,10.8272044693547
5,288.2825,10.7356936485345
5,289.77875,10.6442126658904
5,291.275,10.5528122467263
5,292.77125,10.4615422701633
5,294.2675,10.3704516413449
5,295.76375,10.2795881423837
5,297.26,10.1889982645293
5,298.75625,10.098727024742
5,300.2525,10.0088177705333
5,301.74875,9.91931197754234
5,303.245,9.83024904483114
5,304.74125,9.74166609325814
5,306.2375,9.65359777250149
5,307.73375,9.56607608232836
5,309.23,9.47913021352512
5,310.72625,9.39278641351417
5,312.2225,9.3070678810899
5,313.71875,9.22199469393003
5,315.215,9.13758377160831
5,316.71125,9.05384887578944
5,318.2075,8.97080064817533
5,319.70375,8.88844668564421
5,321.2,8.80679165093229
5,322.69625,8.72583741620078
5,324.1925,8.64558323595365
5,325.68875,8.5660259450564
5,327.185,8.48716017707803
5,328.68125,8.40897859785097
5,330.1775,8.33147214901629
5,331.67375,8.25463029638565
5,333.17,8.17844127818818
5,334.66625,8.1028923486537
5,336.1625,8.02797001288301
5,337.65875,7.95366024953864
5,339.155,7.8799487185222
5,340.65125,7.80682095145597
5,342.1475,7.73426252342949
5,343.64375,7.66225920508182
5,345.14,7.5907970946506
5,346.63625,7.51986273011364
5,348.1325,7.44944318197276
5,349.62875,7.37952612757614
5,351.125,7.31009990814692
5,352.62125,7.24115356988365
5,354.1175,7.17267689063023
5,355.61375,7.10466039368346
5,357.11,7.03709535032751
5,358.60625,6.96997377266094
5,360.1025,6.90328839822472
5,361.59875,6.83703266785674
5,363.095,6.77120069809504
5,364.59125,6.70578724933796
5,366.0875,6.64078769084738
5,367.58375,6.57619796355778
5,369.08,6.5120145415315
5,370.57625,6.44823439278358
5,372.0725,6.38485494008783
5,373.56875,6.32187402227351
5,375.065,6.25928985642792
5,376.56125,6.19710100133539
5,378.0575,6.13530632240862
5,379.55375,6.07390495830224
5,381.05,6.01289628934156
5,382.54625,5.95227990785129
5,384.0425,5.89205559042736
5,385.53875,5.83222327216174
5,387.035,5.77278302280179
5,388.53125,5.71373502480372
5,390.0275,5.65507955322209
5,391.52375,5.59681695736421
5,393.02,5.53894764412821
5,394.51625,5.48147206293738
5,396.0125,5.42439069217869
5,397.50875,5.36770402705173
5,399.005,5.31141256873368
5,400.50125,5.25551681476706
5,401.9975,5.20001725057906
5,403.49375,5.14491434204425
5,404.99,5.09020852900568
5,406.48625,5.03590021967384
5,407.9825,4.98198978582676
5,409.47875,4.92847755873921
5,410.975,4.87536382577352
5,412.47125,4.82264882756874
5,413.9675,4.77033275576964
5,415.46375,4.71841575124123
5,416.96,4.66689790271861
5,418.45625,4.61577924584598
5,419.9525,4.56505976256257
5,421.44875,4.51473938079667
5,422.945,4.46481797443245
5,424.44125,4.41529536351738
5,425.9375,4.36617131468102
5,427.43375,4.31744554173883
5,428.93,4.269117706457
5,430.42625,4.22118741945685
5,431.9225,4.17365424123947
5,433.41875,4.12651768331337
5,434.915,4.07977720940949
5,436.41125,4.03343223677012
5,437.9075,3.98748213749926
5,439.40375,3.94192623996399
5,440.9,3.89676383023707
5,442.39625,3.85199415357292
5,443.8925,3.80761641590952
5,445.38875,3.76362978539039
5,446.885,3.72003339390124
5,448.38125,3.67682633861715
5,449.8775,3.63400768355645
5,451.37375,3.59157646113882
5,452.87,3.54953167374493
5,454.36625,3.50787229527659
5,455.8625,3.46659727271587
5,457.35875,3.42570552768308
5,458.855,3.38519595799351
5,460.35125,3.34506743921328
5,461.8475,3.30531882621549
5,463.34375,3.26594895473781
5,464.84,3.22695664294349
5,466.33625,3.18834069298774
5,467.8325,3.15009989259248
5,469.32875,3.11223301663203
5,470.825,3.07473882873355
5,472.32125,3.03761608289589
5,473.8175,3.00086352513121
5,475.31375,2.96447989513415
5,476.81,2.9284639279838
5,478.30625,2.89281435588423
5,479.8025,2.8575299099499
5,481.29875,2.82260932204286
5,482.795,2.78805132666939
5,484.29125,2.75385466294419
5,485.7875,2.72001807663135
5,487.28375,2.68654032227179
5,488.78,2.65342016540818
5,490.27625,2.62065638491897
5,491.7725,2.58824777547469
5,493.26875,2.55619315013067
5,494.765,2.52449134307176
5,496.26125,2.49314121252628
5,497.7575,2.4621416438682
5,499.25375,2.43149155292818
5,500.75,2.40118988953674
5,502.24625,2.37123564132464
5,503.7425,2.34162783780895
5,505.23875,2.31236555479559
5,506.735,2.28344791913302
5,508.23125,2.25487411385543
5,509.7275,2.22664338375768
5,511.22375,2.19875504144971
5,512.72,2.17120847394275
5,514.21625,2.14400314982624
5,515.7125,2.11713862710073
5,517.20875,2.09061456174002
5,518.705,2.06443071706388
5,520.20125,2.03858697401265
5,521.6975,2.01308334242542
5,523.19375,1.98791997343581
5,524.69,1.96309717311265
5,526.18625,1.93861541748774
5,527.6825,1.91447536913002
5,529.17875,1.89067789544363
5,530.675,1.86722408888814
5,532.17125,1.8441152893419
5,533.6675,1.82135310885402
5,535.16375,1.79893945905767
5,536.66,1.776876581546
5,538.15625,1.75516708154254
5,539.6525,1.7338139652299
5,541.14875,1.71282068113221
5,542.645,1.69219116597811
5,544.14125,1.67192989549908
5,545.6375,1.65204194064059
5,547.13375,1.63253302967653
5,548.63,1.61340961671599
5,550.12625,1.59467895706791
5,551.6225,1.57634918987412
5,553.11875,1.55842942832246
5,554.615,1.54092985759157
5,556.11125,1.523861840438
5,557.6075,1.50723802998687
5,559.10375,1.49107248879816
5,560.6,1.47538081261439
5,562.09625,1.46018025630881
5,563.5925,1.44548985840307
5,565.08875,1.43133055906844
5,566.585,1.41772530473701
5,568.08125,1.40469913032829
5,569.5775,1.39227920768972
5,571.07375,1.38049484628007
5,572.57,1.36937742962668
5,574.06625,1.35896026903901
5,575.5625,1.34927835500963
5,577.05875,1.34036798739507
5,578.555,1.33226626867278
5,580.05125,1.32501045113045
5,581.5475,1.31863713933313
5,583.04375,1.31318136365221
5,584.54,1.30867555816362
5,586.03625,1.30514849483862
5,587.5325,1.30262424256637
5,589.02875,1.30112123039783
5,590.525,1.30065149591956
5,592.02125,1.30122018962244
5,593.5175,1.30282538463223
5,595.01375,1.30545821107959
5,596.51,1.30910330083879
5,598.00625,1.31373949744027
5,599.5025,1.31934076301314
5,600.99875,1.32587720235862
5,602.495,1.33331612417449
5,603.99125,1.34162306908943
5,605.4875,1.35076275008743
5,606.98375,1.36069986932698
5,608.48,1.37139979308037
5,609.97625,1.38282908139246
5,611.4725,1.39495588007841
5,612.96875,1.40775018975878
5,614.465,1.42118403027785
5,615.96125,1.43523151985327
5,617.4575,1.44986888749198
5,618.95375,1.4650744353079
5,620.45,1.48082846495822
5,621.94625,1.49711317987614
5,623.4425,1.51391257256856
5,624.93875,1.53121230410519
5,626.435,1.54899958110711
5,627.93125,1.56726303405369
5,629.4275,1.58599259954292
5,630.92375,1.60517940822299
5,632.42,1.62481567941854
5,633.91625,1.64489462296276
5,635.4125,1.66541034837686
5,636.90875,1.68635778128055
5,638.405,1.70773258674327
5,639.90125,1.72953109917509
5,641.3975,1.75175025829107
5,642.89375,1.77438755065108
5,644.39,1.7974409562677
5,645.88625,1.82090889978123
5,647.3825,1.84479020571736
5,648.87875,1.8690840573648
5,650.375,1.89378995883617
5,651.87125,1.91890769990105
5,653.3675,1.94443732320664
5,654.86375,1.97037909352609
5,656.36,1.99673346869705
5,657.85625,2.02350107193439
5,659.3525,2.05068266521887
5,660.84875,2.07827912348013
5,662.345,2.10629140930577
5,663.84125,2.13472054792061
5,665.3375,2.16356760219
5,666.83375,2.19283364740908
5,668.33,2.2225197456477
5,669.82625,2.25262691942596
5,671.3225,2.28315612450182
5,672.81875,2.31410822155667
5,674.315,2.34548394657161
5,675.81125,2.37728387969332
5,677.3075,2.40950841239744
5,678.80375,2.44215771276781
5,680.3,2.47523168872485
5,681.79625,2.50872994905447
5,683.2925,2.54265176211323
5,684.78875,2.57699601211624
5,686.285,2.61176115295356
5,687.78125,2.64694515952922
5,689.2775,2.6825454766779
5,690.77375,2.71855896578723
5,692.27,2.7549818493431
5,693.76625,2.79180965372082
5,695.2625,2.82903715066955
5,696.75875,2.86665829808303
5,698.255,2.90466618081588
5,699.75125,2.94305295249408
5,701.2475,2.98180977947923
5,702.74375,3.02092678837778
5,704.24,3.06039301873663
5,705.73625,3.10019638282878
5,707.2325,3.14032363470228
5,708.72875,3.18076035093128
5,710.225,3.22149092575738
5,711.72125,3.26249858352672
5,713.2175,3.30376541149357
5,714.71375,3.34527241615103
5,716.21,3.38699960623957
5,717.70625,3.4289261054437
5,719.2025,3.47103029749035
5,720.69875,3.51329000587946
5,722.195,3.55568270978556
5,723.69125,3.59818579675132
5,725.1875,3.64077685164408
5,726.68375,3.68343397997182
5,728.18,3.72613616208275
5,729.67625,3.76886363304838
5,731.1725,3.811598281224
5,732.66875,3.85432405668422
5,734.165,3.89702737905771
5,735.66125,3.93969753285932
5,737.1575,3.98232703737369
5,738.65375,4.02491197761044
5,740.15,4.06745228293547
5,741.64625,4.10995194076788
5,743.1425,4.15241913425052
5,744.63875,4.19486629503623
5,746.135,4.23731006520427
5,747.63125,4.27977116569614
5,749.1275,4.32227417234881
5,750.62375,4.36484720438378
5,752.12,4.4075215338393
5,753.61625,4.45033112767138
5,755.1125,4.49331213688787
5,756.60875,4.5365023489507
5,758.105,4.57994062068465
5,759.60125,4.62366630903177
5,761.0975,4.66771871622369
5,762.59375,4.71213656441317
5,764.09,4.75695751265592
5,765.58625,4.80221772654584
5,767.0825,4.84795150797754
5,768.57875,4.8941909896267
5,770.075,4.94096589597115
5,771.57125,4.98830337016558
5,773.0675,5.03622786392713
5,774.56375,5.08476108585568
5,776.06,5.13392200232221
5,777.55625,5.18372688420741
5,779.0525,5.23418939232501
5,780.54875,5.28532069427392
5,782.045,5.33712960566433
5,783.54125,5.38962274909177
5,785.0375,5.44280472482756
5,786.53375,5.49667828789067
5,788.03,5.55124452691542
5,789.52625,5.60650304099023
5,791.0225,5.66245211137656
5,792.51875,5.71908886570725
5,794.015,5.77640943288606
5,795.51125,5.83440908745956
5,797.0075,5.89308238270712
5,798.50375,5.95242327208858
5,800,6.01242521901345
7.5,201.5,15.6069809855589
7.5,202.99625,15.6930341473947
7.5,204.4925,15.7607414075575
7.5,205.98875,15.8112805414795
7.5,207.485,15.845900232963
7.5,208.98125,15.8658760105994
7.5,210.4775,15.8724753864527
7.5,211.97375,15.8669314114799
7.5,213.47,15.8504235881445
7.5,214.96625,15.8240649752672
7.5,216.4625,15.7888943321595
7.5,217.95875,15.7458722350042
7.5,219.455,15.6958802244701
7.5,220.95125,15.6397221853132
7.5,222.4475,15.5781273000114
7.5,223.94375,15.5117540494992
7.5,225.44,15.4411948497046
7.5,226.93625,15.3669810109362
7.5,228.4325,15.289587788398
7.5,229.92875,15.209439357534
7.5,231.425,15.126913599459
7.5,232.92125,15.0423466215194
7.5,234.4175,14.9560369681051
7.5,235.91375,14.868249499081
7.5,237.41,14.7792189292637
7.5,238.90625,14.6891530336192
7.5,240.4025,14.5982355304279
7.5,241.89875,14.5066286594962
7.5,243.395,14.4144754752904
7.5,244.89125,14.3219018762279
7.5,246.3875,14.2290183917024
7.5,247.88375,14.1359217481039
7.5,249.38,14.0426962343551
7.5,250.87625,13.9494148865463
7.5,252.3725,13.8561405102204
7.5,253.86875,13.7629265578763
7.5,255.365,13.6698178783754
7.5,256.86125,13.5768513542123
7.5,258.3575,13.4840564420823
7.5,259.85375,13.3914556318436
7.5,261.35,13.299064838846
7.5,262.84625,13.2068937446346
7.5,264.3425,13.1149461012212
7.5,265.83875,13.0232200143537
7.5,267.335,12.9317082214549
7.5,268.83125,12.8403983800067
7.5,270.3275,12.749273382024
7.5,271.82375,12.658311709734
7.5,273.32,12.5674878465117
7.5,274.81625,12.4767727553683
7.5,276.3125,12.3861344347212
7.5,277.80875,12.295538557718
7.5,279.305,12.204949197001
7.5,280.80125,12.1143296315767
7.5,282.2975,12.0236432265408
7.5,283.79375,11.9328543701098
7.5,285.29,11.8419294461136
7.5,286.78625,11.7508378143047
7.5,288.2825,11.6595527660908
7.5,289.77875,11.5680524201432
7.5,291.275,11.4763205212636
7.5,292.77125,11.384347107242
7.5,294.2675,11.292129012365
7.5,295.76375,11.1996701826151
7.5,297.26,11.1069817860871
7.5,298.75625,11.0140821121174
7.5,300.2525,10.9209962633007
7.5,301.74875,10.8277556550664
7.5,303.245,10.7343973469454
7.5,304.74125,10.6409632373113
7.5,306.2375,10.5474991586929
7.5,307.73375,10.454053913415
7.5,309.23,10.3606782893234
7.5,310.72625,10.2674240929107
7.5,312.2225,10.1743432327186
7.5,313.71875,10.0814868800116
7.5,315.215,9.98890472700992
7.5,316.71125,9.8966443560306
7.5,318.2075,9.80475072623347
7.5,319.70375,9.71326577870525
7.5,321.2,9.6222281556104
7.5,322.69625,9.53167302523537
7.5,324.1925,9.44163200198066
7.5,325.68875,9.35213314864891
7.5,327.185,9.26320104761251
7.5,328.68125,9.17485692745704
7.5,330.1775,9.08711883231075
7.5,331.67375,9.00000182211264
7.5,333.17,8.91351819338437
7.5,334.66625,8.8276777115231
7.5,336.1625,8.742487847115
7.5,337.65875,8.65795401020415
7.5,339.155,8.5740797777826
7.5,340.65125,8.49086711096089
7.5,342.1475,8.40831655931605
7.5,343.64375,8.32642745079243
7.5,345.14,8.24519806625372
7.5,346.63625,8.16462579836474
7.5,348.1325,8.084707294932
7.5,349.62875,8.00543858717112
7.5,351.125,7.92681520361333
7.5,352.62125,7.84883227052748
7.5,354.1175,7.77148459983578
7.5,355.61375,7.6947667655514
7.5,357.11,7.61867316977831
7.5,358.60625,7.54319809929567
7.5,360.1025,7.46833577371091
7.5,361.59875,7.39408038611258
7.5,363.095,7.32042613709203
7.5,364.59125,7.24736726293576
7.5,366.0875,7.1748980587213
7.5,367.58375,7.10301289698106
7.5,369.08,7.03170624253153
7.5,370.57625,6.96097266400252
7.5,372.0725,6.89080684254124
7.5,373.56875,6.82120357811154
7.5,375.065,6.75215779375779
7.5,376.56125,6.68366453815755
7.5,378.0575,6.6157189867455
7.5,379.55375,6.54831644165423
7.5,381.05,6.48145233068448
7.5,382.54625,6.41512220548809
7.5,384.0425,6.34932173912085
7.5,385.53875,6.28404672310004
7.5,387.035,6.21929306408111
7.5,388.53125,6.15505678025074
7.5,390.0275,6.09133399751827
7.5,391.52375,6.02812094557422
7.5,393.02,5.96541395387346
7.5,394.51625,5.90320944759051
7.5,396.0125,5.84150394358606
7.5,397.50875,5.78029404641656
7.5,399.005,5.71957644441261
7.5,400.50125,5.65934790584643
7.5,401.9975,5.59960527520425
7.5,403.49375,5.54034546957584
7.5,404.99,5.48156547516986
7.5,406.48625,5.42326234396133
7.5,407.9825,5.36543319047522
7.5,409.47875,5.30807518870809
7.5,410.975,5.25118556918851
7.5,412.47125,5.19476161617558
7.5,413.9675,5.13880066499364
7.5,415.46375,5.08330009950103
7.5,416.96,5.02825734968946
7.5,418.45625,4.97366988941063
7.5,419.9525,4.91953523422597
7.5,421.44875,4.86585093937537
7.5,422.945,4.81261459786046
7.5,424.44125,4.75982383863806
7.5,425.9375,4.70747632491909
7.5,427.43375,4.65556975256864
7.5,428.93,4.60410184860261
7.5,430.42625,4.55307036977664
7.5,431.9225,4.50247310126295
7.5,433.41875,4.45230785541124
7.5,434.915,4.40257247058934
7.5,436.41125,4.35326481010009
7.5,437.9075,4.30438276117075
7.5,439.40375,4.25592423401144
7.5,440.9,4.20788716093947
7.5,442.39625,4.1602694955664
7.5,443.8925,4.11306921204502
7.5,445.38875,4.06628430437369
7.5,446.885,4.01991278575531
7.5,448.38125,3.97395268800893
7.5,449.8775,3.9284020610317
7.5,451.37375,3.88325897230945
7.5,452.87,3.8385215064741
7.5,454.36625,3.79418776490638
7.5,455.8625,3.75025586538273
7.5,457.35875,3.70672394176506
7.5,458.855,3.66359014373257
7.5,460.35125,3.62085263655496
7.5,461.8475,3.57850960090636
7.5,463.34375,3.53655923271977
7.5,464.84,3.49499974308196
7.5,466.33625,3.45382935816871
7.5,467.8325,3.41304631922092
7.5,469.32875,3.37264888256202
7.5,470.825,3.33263531965746
7.5,472.32125,3.29300391721722
7.5,473.8175,3.25375297734278
7.5,475.31375,3.21488081771982
7.5,476.81,3.17638577185869
7.5,478.30625,3.13826618938453
7.5,479.8025,3.10052043637966
7.5,481.29875,3.06314689578079
7.5,482.795,3.0261439678344
7.5,484.29125,2.98951007061355
7.5,485.7875,2.95324364060024
7.5,487.28375,2.91734313333768
7.5,488.78,2.88180702415733
7.5,490.27625,2.84663380898618
7.5,491.7725,2.81182200524034
7.5,493.26875,2.77737015281162
7.5,494.765,2.74327681515462
7.5,496.26125,2.70954058048234
7.5,497.7575,2.67616006307977
7.5,499.25375,2.64313390474517
7.5,500.75,2.61046077637042
7.5,502.24625,2.5781393796728
7.5,503.7425,2.5461684490917
7.5,505.23875,2.51454675386556
7.5,506.735,2.48327310030578
7.5,508.23125,2.45234633428615
7.5,509.7275,2.42176534396854
7.5,511.22375,2.39152906278765
7.5,512.72,2.3616364727205
7.5,514.21625,2.33208660786868
7.5,515.7125,2.30287855838516
7.5,517.20875,2.27401147478062
7.5,518.705,2.24548457264839
7.5,520.20125,2.21729713785177
7.5,521.6975,2.1894485322223
7.5,523.19375,2.16193819982354
7.5,524.69,2.13476567384108
7.5,526.18625,2.10793058416692
7.5,527.6825,2.08143266575448
7.5,529.17875,2.0552717678294
7.5,530.675,2.029447864052
7.5,532.17125,2.00396106373845
7.5,533.6675,1.97881162426092
7.5,535.16375,1.95399996476152
7.5,536.66,1.92952668133112
7.5,538.15625,1.90539256382252
7.5,539.6525,1.88159861448769
7.5,541.14875,1.85814606865145
7.5,542.645,1.83503641765913
7.5,544.14125,1.81227143436289
7.5,545.6375,1.78985320144185
7.5,547.13375,1.76778414288309
7.5,548.63,1.74606705898557
7.5,550.12625,1.72470516528465
7.5,551.6225,1.70370213583236
7.5,553.11875,1.68306215130439
7.5,554.615,1.66278995243858
7.5,556.11125,1.64289089933788
7.5,557.6075,1.62337103718882
7.5,559.10375,1.60423716894904
7.5,560.6,1.58549693553657
7.5,562.09625,1.56715890399742
7.5,563.5925,1.54923266402345
7.5,565.08875,1.5317289330193
7.5,566.585,1.51465966965206
7.5,568.08125,1.49803819542833
7.5,569.5775,1.48187932329402
7.5,571.07375,1.46619949149662
7.5,572.57,1.45101689993817
7.5,574.06625,1.43635164492587
7.5,575.5625,1.42222584654728
7.5,577.05875,1.40866376082416
7.5,578.555,1.39569186633344
7.5,580.05125,1.38333891218359
7.5,581.5475,1.37163591125673
7.5,583.04375,1.3606160597619
7.5,584.54,1.35031456186884
7.5,586.03625,1.34076833718627
7.5,587.5325,1.33201559000131
7.5,589.02875,1.32409522351653
7.5,590.525,1.31704609076077
7.5,592.02125,1.31090608700117
7.5,593.5175,1.30571110617627
7.5,595.01375,1.30149390475758
7.5,596.51,1.29828293777505
7.5,598.00625,1.29610124948392
7.5,599.5025,1.29496551071455
7.5,600.99875,1.29488529239252
7.5,602.495,1.29586264819033
7.5,603.99125,1.29789205007767
7.5,605.4875,1.30096068327754
7.5,606.98375,1.30504906867529
7.5,608.48,1.31013194827384
7.5,609.97625,1.31617934833197
7.5,611.4725,1.32315772776526
7.5,612.96875,1.33103112531225
7.5,614.465,1.33976223446216
7.5,615.96125,1.34931335568415
7.5,617.4575,1.35964719679727
7.5,618.95375,1.37072751118003
7.5,620.45,1.38251957815932
7.5,621.94625,1.394990539829
7.5,623.4425,1.40810961411689
7.5,624.93875,1.42184820601181
7.5,626.435,1.43617993848876
7.5,627.93125,1.45108062276181
7.5,629.4275,1.46652818479909
7.5,630.92375,1.48250256208865
7.5,632.42,1.49898558179303
7.5,633.91625,1.51596082886976
7.5,635.4125,1.53341351054992
7.5,636.90875,1.55133032177467
7.5,638.405,1.56969931476485
7.5,639.90125,1.5885097747983
7.5,641.3975,1.60775210343843
7.5,642.89375,1.62741770984813
7.5,644.39,1.64749891038557
7.5,645.88625,1.66798883637633
7.5,647.3825,1.6888813497542
7.5,648.87875,1.71017096613667
7.5,650.375,1.73185278482942
7.5,651.87125,1.75392242522099
7.5,653.3675,1.77637596902294
7.5,654.86375,1.79920990782303
7.5,656.36,1.8224210954425
7.5,657.85625,1.84600670461988
7.5,659.3525,1.86996418757729
7.5,660.84875,1.89429124006177
7.5,662.345,1.91898576848892
7.5,663.84125,1.94404585985071
7.5,665.3375,1.96946975408148
7.5,666.83375,1.99525581860601
7.5,668.33,2.02140252482136
7.5,669.82625,2.04790842628915
7.5,671.3225,2.07477213843814
7.5,672.81875,2.10199231959681
7.5,674.315,2.12956765319479
7.5,675.81125,2.15749683098832
7.5,677.3075,2.18577853717904
7.5,678.80375,2.21441143330963
7.5,680.3,2.24339414383031
7.5,681.79625,2.27272524224143
7.5,683.2925,2.30240323772623
7.5,684.78875,2.33242656219595
7.5,686.285,2.3627935576771
7.5,687.78125,2.39350246397645
7.5,689.2775,2.42455140656631
7.5,690.77375,2.45593838463597
7.5,692.27,2.48766125926174
7.5,693.76625,2.51971774165059
7.5,695.2625,2.55210538141693
7.5,696.75875,2.58482155485518
7.5,698.255,2.61786345317373
7.5,699.75125,2.651228070659
7.5,701.2475,2.68491219274056
7.5,702.74375,2.71891238393112
7.5,704.24,2.75322497561708
7.5,705.73625,2.78784605367812
7.5,707.2325,2.82277144591593
7.5,708.72875,2.85799670927483
7.5,710.225,2.89351711683933
7.5,711.72125,2.92932764459528
7.5,713.2175,2.96542295794481
7.5,714.71375,3.0017973979663
7.5,716.21,3.03844496741523
7.5,717.70625,3.07535931646272
7.5,719.2025,3.11253372817321
7.5,720.69875,3.14996110372577
7.5,722.195,3.18763394738709
7.5,723.69125,3.22554435124912
7.5,725.1875,3.26368397974853
7.5,726.68375,3.30204405399088
7.5,728.18,3.3406153359078
7.5,729.67625,3.37938811228266
7.5,731.1725,3.4183521786869
7.5,732.66875,3.45749682337801
7.5,734.165,3.49681081121832
7.5,735.66125,3.53628236768465
7.5,737.1575,3.57589916305019
7.5,738.65375,3.61564829683112
7.5,740.15,3.65551628260628
7.5,741.64625,3.69548903333166
7.5,743.1425,3.73555184728985
7.5,744.63875,3.77568939483219
7.5,746.135,3.81588570609255
7.5,747.63125,3.85612415987435
7.5,749.1275,3.8963874739373
7.5,750.62375,3.93665769693699
7.5,752.12,3.97691620230127
7.5,753.61625,4.01714368435914
7.5,755.1125,4.05732015707343
7.5,756.60875,4.09742495576711
7.5,758.105,4.13743674227333
7.5,759.60125,4.17733351398577
7.5,761.0975,4.2170926173317
7.5,762.59375,4.25669076624197
7.5,764.09,4.29610406624634
7.5,765.58625,4.33530804487969
7.5,767.0825,4.37427768914307
7.5,768.57875,4.41298749082907
7.5,770.075,4.45141150058088
7.5,771.57125,4.48952339162432
7.5,773.0675,4.52729653417413
7.5,774.56375,4.56470408158413
7.5,776.06,4.60171906937301
7.5,777.55625,4.63831452831558
7.5,779.0525,4.67446361284695
7.5,780.54875,4.7101397460689
7.5,782.045,4.74531678268642
7.5,783.54125,4.77996919121962
7.5,785.0375,4.81407225684199
7.5,786.53375,4.84760230617481
7.5,788.03,4.88053695531894
7.5,789.52625,4.91285538232823
7.5,791.0225,4.94453862520466
7.5,792.51875,4.97556990633375
7.5,794.015,5.00593498405763
7.5,795.51125,5.03562253180456
7.5,797.0075,5.06462454484457
7.5,798.50375,5.09293677431936
7.5,800,5.12055918768484
10,201.5,13.8453334812932
10,202.99625,13.9310823529357
10,204.4925,14.0104621744678
10,205.98875,14.0834958624713
10,207.485,14.1502196994227
10,208.98125,14.2106827008756
10,210.4775,14.2649459455785
10,211.97375,14.3130818749851
10,213.47,14.3551735685726
10,214.96625,14.391314001261
10,216.4625,14.4216052890316
10,217.95875,14.4461579285835
10,219.455,14.4650900365523
10,220.95125,14.4785265934567
10,222.4475,14.4865986971444
10,223.94375,14.4894428300893
10,225.44,14.4872001444535
10,226.93625,14.4800157683813
10,228.4325,14.4680381365449
10,229.92875,14.4514183475143
10,231.425,14.4303095500953
10,232.92125,14.4048663603568
10,234.4175,14.3752443106756
10,235.91375,14.3415993317463
10,237.41,14.3040872681607
10,238.90625,14.2628634278337
10,240.4025,14.2180821652645
10,241.89875,14.169896498354
10,243.395,14.1184577582685
10,244.89125,14.0639152716316
10,246.3875,14.0064160741519
10,247.88375,13.9461046546416
10,249.38,13.883122728259
10,250.87625,13.8176090377058
10,252.3725,13.7496991810355
10,253.86875,13.6795254646695
10,255.365,13.6072167801814
10,256.86125,13.5328985033887
10,258.3575,13.456692414285
10,259.85375,13.3787166363539
10,261.35,13.2990855938235
10,262.84625,13.2179099854528
10,264.3425,13.135296773474
10,265.83875,13.0513491863647
10,267.335,12.9661667341687
10,268.83125,12.8798452351435
10,270.3275,12.7924768525668
10,271.82375,12.7041501405971
10,273.32,12.6149500981436
10,274.81625,12.524958229763
10,276.3125,12.4342526126648
10,277.80875,12.3429079689672
10,279.305,12.2509957424054
10,280.80125,12.158584178757
10,282.2975,12.0657384093019
10,283.79375,11.9725205366949
10,285.29,11.8789897226777
10,286.78625,11.7852022771104
10,288.2825,11.6912117478507
10,289.77875,11.5970690110543
10,291.275,11.5028223615121
10,292.77125,11.4085176026823
10,294.2675,11.3141981361116
10,295.76375,11.2199050499757
10,297.26,11.1256772065018
10,298.75625,11.0315513280659
10,300.2525,10.9375620817867
10,301.74875,10.8437421624628
10,303.245,10.7501223737225
10,304.74125,10.6567317072805
10,306.2375,10.5635974202107
10,307.73375,10.4707451101667
10,309.23,10.3781987884952
10,310.72625,10.2859809512013
10,312.2225,10.1941126477418
10,313.71875,10.1026135476288
10,315.215,10.0115020048416
10,316.71125,9.92079512004934
10,318.2075,9.83050880066005
10,319.70375,9.7406578187137
10,321.2,9.65125586664717
10,322.69625,9.56231561096257
10,324.1925,9.47384874383476
10,325.68875,9.38586603269914
10,327.185,9.29837736786251
10,328.68125,9.21139180818398
10,330.1775,9.1249176248738
10,331.67375,9.03896234346066
10,333.17,8.95353278397884
10,334.66625,8.86863509942773
10,336.1625,8.78427481255646
10,337.65875,8.70045685102748
10,339.155,8.61718558101185
10,340.65125,8.53446483926997
10,342.1475,8.45229796377029
10,343.64375,8.37068782289819
10,345.14,8.28963684330676
10,346.63625,8.20914703646004
10,348.1325,8.12922002391855
10,349.62875,8.04985706141573
10,351.125,7.97105906177301
10,352.62125,7.89282661669978
10,354.1175,7.81516001752378
10,355.61375,7.73805927489533
10,357.11,7.66152413750859
10,358.60625,7.58555410988092
10,360.1025,7.51014846923041
10,361.59875,7.4353062814904
10,363.095,7.36102641649822
10,364.59125,7.28730756239449
10,366.0875,7.21414823926763
10,367.58375,7.14154681207709
10,369.08,7.06950150288779
10,370.57625,6.99801040244654
10,372.0725,6.92707148113054
10,373.56875,6.85668259929645
10,375.065,6.78684151705766
10,376.56125,6.71754590351616
10,378.0575,6.64879334547421
10,379.55375,6.5805813556503
10,381.05,6.51290738042237
10,382.54625,6.44576880712084
10,384.0425,6.37916297089254
10,385.53875,6.31308716115599
10,387.035,6.24753862766767
10,388.53125,6.18251458621766
10,390.0275,6.11801222397279
10,391.52375,6.05402870448404
10,393.02,5.99056117237474
10,394.51625,5.92760675772492
10,396.0125,5.86516258016681
10,397.50875,5.80322575270562
10,399.005,5.7417933852791
10,400.50125,5.68086258806901
10,401.9975,5.62043047457664
10,403.49375,5.56049416447435
10,404.99,5.50105078624431
10,406.48625,5.44209747961526
10,407.9825,5.38363139780758
10,409.47875,5.32564970959645
10,410.975,5.26814960120253
10,412.47125,5.2111282780192
10,413.9675,5.15458296618474
10,415.46375,5.09851091400799
10,416.96,5.04290939325496
10,418.45625,4.98777570030428
10,419.9525,4.93310715717845
10,421.44875,4.87890111245791
10,422.945,4.82515494208447
10,424.44125,4.77186605006061
10,425.9375,4.71903186905061
10,427.43375,4.6666498608894
10,428.93,4.6147175170049
10,430.42625,4.56323235875919
10,431.9225,4.51219193771372
10,433.41875,4.46159383582382
10,434.915,4.41143566556721
10,436.41125,4.36171507001137
10,437.9075,4.31242972282431
10,439.40375,4.26357732823336
10,440.9,4.21515562093607
10,442.39625,4.16716236596777
10,443.8925,4.11959535852965
10,445.38875,4.07245242378166
10,446.885,4.02573141660399
10,448.38125,3.97943022133123
10,449.8775,3.93354675146291
10,451.37375,3.88807894935434
10,452.87,3.84302478589143
10,454.36625,3.79838226015329
10,455.8625,3.7541493990663
10,457.35875,3.71032425705343
10,458.855,3.66690491568241
10,460.35125,3.62388948331667
10,461.8475,3.58127609477268
10,463.34375,3.53906291098754
10,464.84,3.49724811870078
10,466.33625,3.45582993015417
10,467.8325,3.41480658281368
10,469.32875,3.37417633911766
10,470.825,3.33393748625549
10,472.32125,3.29408833598109
10,473.8175,3.25462722446588
10,475.31375,3.2155525121957
10,476.81,3.176862583917
10,478.30625,3.13855584863692
10,479.8025,3.10063073968317
10,481.29875,3.06308571482911
10,482.795,3.02591925649005
10,484.29125,2.9891298719973
10,485.7875,2.95271609395665
10,487.28375,2.9166764806985
10,488.78,2.88100961682744
10,490.27625,2.84571411387955
10,491.7725,2.81078861109632
10,493.26875,2.7762317763249
10,494.765,2.74204230705496
10,496.26125,2.70821893160357
10,497.7575,2.67476041046012
10,499.25375,2.64166553780491
10,500.75,2.60893314321553
10,502.24625,2.57656209357715
10,503.7425,2.54455129521399
10,505.23875,2.51289969626078
10,506.735,2.48160628929527
10,508.23125,2.45067011425454
10,509.7275,2.4200902616603
10,511.22375,2.38986587618096
10,512.72,2.35999616056112
10,514.21625,2.33048037995219
10,515.7125,2.30131786668153
10,517.20875,2.27250802550151
10,518.705,2.24405033936419
10,520.20125,2.21594437577227
10,521.6975,2.18818979376269
10,523.19375,2.16078635158507
10,524.69,2.13373391514419
10,526.18625,2.10703246728331
10,527.6825,2.08068211799346
10,529.17875,2.05468311564325
10,530.675,2.02903585933395
10,532.17125,2.00374091249609
10,533.6675,1.97879901785628
10,535.16375,1.95421111391655
10,536.66,1.92997835310349
10,538.15625,1.90610212176042
10,539.6525,1.88258406217313
10,541.14875,1.85942609683791
10,542.645,1.83663045519949
10,544.14125,1.81419970310607
10,545.6375,1.79213677524788
10,547.13375,1.77044501086385
10,548.63,1.74912819301749
10,550.12625,1.72819059175548
10,551.6225,1.70763701146905
10,553.11875,1.68747284277662
10,554.615,1.66770411923097
10,556.11125,1.64833757912228
10,557.6075,1.62938073259157
10,559.10375,1.61084193418017
10,560.6,1.59273046080811
10,562.09625,1.57505659498658
10,563.5925,1.55783171280884
10,565.08875,1.54106837591369
10,566.585,1.52478042615343
10,568.08125,1.50898308110201
10,569.5775,1.49369302778536
10,571.07375,1.47892851108549
10,572.57,1.46470941215033
10,574.06625,1.45105731083548
10,575.5625,1.43799552474011
10,577.05875,1.42554911584383
10,578.555,1.41374485422306
10,580.05125,1.4026111270141
10,581.5475,1.3921777799656
10,583.04375,1.38247587894004
10,584.54,1.37353738000328
10,586.03625,1.36539469972652
10,587.5325,1.35808018239388
10,589.02875,1.35162546815156
10,590.525,1.34606077560007
10,592.02125,1.34141412328196
10,593.5175,1.33771052575163
10,595.01375,1.3349712097116
10,596.51,1.33321290206184
10,598.00625,1.33244724277187
10,599.5025,1.3326803700469
10,600.99875,1.3339127132438
10,602.495,1.33613901167941
10,603.99125,1.33934855734289
10,605.4875,1.34352563972766
10,606.98375,1.34865015460498
10,608.48,1.35469832782867
10,609.97625,1.36164350118029
10,611.4725,1.36945692949719
10,612.96875,1.37810854549287
10,614.465,1.38756765885592
10,615.96125,1.3978035674398
10,617.4575,1.40878606901579
10,618.95375,1.42048587107649
10,620.45,1.43287490302432
10,621.94625,1.44592653968748
10,623.4425,1.4596157477142
10,624.93875,1.47391916739918
10,626.435,1.48881514233391
10,627.93125,1.50428370835065
10,629.4275,1.52030655188376
10,630.92375,1.53686694635097
10,632.42,1.55394967363588
10,633.91625,1.5715409363354
10,635.4125,1.58962826518205
10,636.90875,1.6082004249812
10,638.405,1.62724732151815
10,639.90125,1.64675991117569
10,641.3975,1.66673011443917
10,642.89375,1.68715073403016
10,644.39,1.70801537808015
10,645.88625,1.72931838851094
10,647.3825,1.75105477461258
10,648.87875,1.77322015168538
10,650.375,1.79581068452973
10,651.87125,1.81882303551523
10,653.3675,1.84225431693035
10,654.86375,1.86610204730131
10,656.36,1.890364111367
10,657.85625,1.91503872340365
10,659.3525,1.94012439360558
10,660.84875,1.96561989724321
10,662.345,1.99152424633779
10,663.84125,2.01783666361017
10,665.3375,2.04455655847956
10,666.83375,2.07168350490612
10,668.33,2.09921722088841
10,669.82625,2.12715754944306
10,671.3225,2.15550444090875
10,672.81875,2.18425793643095
10,674.315,2.2134181524959
10,675.81125,2.24298526639475
10,677.3075,2.27295950250827
10,678.80375,2.3033411193126
10,680.3,2.3341303970147
10,681.79625,2.36532762573349
10,683.2925,2.39693309414965
10,684.78875,2.42894707855262
10,686.285,2.46136983221855
10,687.78125,2.49420157505764
10,689.2775,2.52744248347295
10,690.77375,2.56109268037607
10,692.27,2.59515222530815
10,693.76625,2.62962110461666
10,695.2625,2.66449922164064
10,696.75875,2.69978638685807
10,698.255,2.73548230795062
10,699.75125,2.77158657974143
10,701.2475,2.80809867396169
10,702.74375,2.84501792880247
10,704.24,2.88234353820686
10,705.73625,2.9200745408579
10,707.2325,2.95820980881568
10,708.72875,2.99674803575637
10,710.225,3.03568772476383
10,711.72125,3.07502717562241
10,713.2175,3.11476447155699
10,714.71375,3.15489746536378
10,716.21,3.19542376487148
10,717.70625,3.23634071766934
10,719.2025,3.27764539503384
10,720.69875,3.31933457498132
10,722.195,3.36140472436841
10,723.69125,3.40385197995629
10,725.1875,3.44667212834786
10,726.68375,3.48986058470017
10,728.18,3.53341237010541
10,729.67625,3.5773220875255
10,731.1725,3.62158389615482
10,732.66875,3.66619148407398
10,734.165,3.71113803904624
10,735.66125,3.75641621729289
10,737.1575,3.80201811006967
10,738.65375,3.84793520784833
10,740.15,3.89415836188906
10,741.64625,3.94067774296738
10,743.1425,3.98748279699612
10,744.63875,4.034562197256
10,746.135,4.08190379291893
10,747.63125,4.12949455351485
10,749.1275,4.17732050895559
10,750.62375,4.22536668468746
10,752.12,4.27361703149727
10,753.61625,4.3220543494438
10,755.1125,4.37066020532656
10,756.60875,4.41941484303714
10,758.105,4.46829708606181
10,759.60125,4.51728423131817
10,761.0975,4.56635193341113
10,762.59375,4.61547407828233
10,764.09,4.66462264510126
10,765.58625,4.71376755510245
10,767.0825,4.76287650590888
10,768.57875,4.81191478969461
10,770.075,4.86084509332377
10,771.57125,4.90962727835707
10,773.0675,4.95821813853257
10,774.56375,5.00657113200075
10,776.06,5.05463608521542
10,777.55625,5.1023588649464
10,779.0525,5.14968101437137
10,780.54875,5.19653934861694
10,782.045,5.24286550443255
10,783.54125,5.28858543788044
10,785.0375,5.33361886298957
10,786.53375,5.37787862322307
10,788.03,5.42126998631995
10,789.52625,5.46368985155206
10,791.0225,5.5050258566451
10,792.51875,5.54515536948946
10,794.015,5.5839443472506
10,795.51125,5.62124604249581
10,797.0075,5.65689953238968
10,798.50375,5.69072804275333
10,800,5.7225370336887
12.5,201.5,14.3862024832573
12.5,202.99625,14.4458105938275
12.5,204.4925,14.4975097120168
12.5,205.98875,14.5416249591737
12.5,207.485,14.5784697807129
12.5,208.98125,14.6083462881457
12.5,210.4775,14.6315456031246
12.5,211.97375,14.6483482013453
12.5,213.47,14.6590242546014
12.5,214.96625,14.6638339696492
12.5,216.4625,14.6630279228368
12.5,217.95875,14.6568473896902
12.5,219.455,14.6455246688455
12.5,220.95125,14.6292833998756
12.5,222.4475,14.6083388746907
12.5,223.94375,14.5828983422979
12.5,225.44,14.5531613067924
12.5,226.93625,14.5193198185227
12.5,228.4325,14.4815587584286
12.5,229.92875,14.4400561155958
12.5,231.425,14.3949832581042
12.5,232.92125,14.3465051972741
12.5,234.4175,14.2947808454305
12.5,235.91375,14.2399632673178
12.5,237.41,14.1821999253002
12.5,238.90625,14.1216329184829
12.5,240.4025,14.0583992158803
12.5,241.89875,13.9926308837453
12.5,243.395,13.9244553071571
12.5,244.89125,13.85399540594
12.5,246.3875,13.7813698449611
12.5,247.88375,13.7066932388192
12.5,249.38,13.6300763509034
12.5,250.87625,13.5516262867583
12.5,252.3725,13.4714466816474
12.5,253.86875,13.3896378821584
12.5,255.365,13.3062971216448
12.5,256.86125,13.2215186892424
12.5,258.3575,13.1353940921474
12.5,259.85375,13.0480122107873
12.5,261.35,12.9594594464619
12.5,262.84625,12.8698198609832
12.5,264.3425,12.7791753077944
12.5,265.83875,12.6876055540102
12.5,267.335,12.5951883927892
12.5,268.83125,12.5019997454284
12.5,270.3275,12.4081137525646
12.5,271.82375,12.3136028538755
12.5,273.32,12.2185378557013
12.5,274.81625,12.1229879860581
12.5,276.3125,12.027020936581
12.5,277.80875,11.9307028910377
12.5,279.305,11.8340985401664
12.5,280.80125,11.7372710827459
12.5,282.2975,11.6402822129727
12.5,283.79375,11.5431920944194
12.5,285.29,11.4460593210622
12.5,286.78625,11.3489408661021
12.5,288.2825,11.2518920195467
12.5,289.77875,11.1549663157732
12.5,291.275,11.0582154525405
12.5,292.77125,10.9616892031587
12.5,294.2675,10.8654353237431
12.5,295.76375,10.7694994576737
12.5,297.26,10.6739250395324
12.5,298.75625,10.5787532009051
12.5,300.2525,10.4840226804857
12.5,301.74875,10.3897697409227
12.5,303.245,10.29602809478
12.5,304.74125,10.2028288418558
12.5,306.2375,10.1102004199114
12.5,307.73375,10.0181685706076
12.5,309.23,9.92675632214041
12.5,310.72625,9.83598398971703
12.5,312.2225,9.74586919462373
12.5,313.71875,9.65642690223135
12.5,315.215,9.56766947886308
12.5,316.71125,9.47960676703723
12.5,318.2075,9.39224617820082
12.5,319.70375,9.30559280170543
12.5,321.2,9.21964952845319
12.5,322.69625,9.13441718736868
12.5,324.1925,9.0498946926384
12.5,325.68875,8.96607919950772
12.5,327.185,8.88296626633649
12.5,328.68125,8.80055002059108
12.5,330.1775,8.71882332648445
12.5,331.67375,8.63777795206706
12.5,333.17,8.55740473370846
12.5,334.66625,8.47769373608826
12.5,336.1625,8.39863440602343
12.5,337.65875,8.32021571869078
12.5,339.155,8.2424263150478
12.5,340.65125,8.16525462950468
12.5,342.1475,8.08868900714686
12.5,343.64375,8.01271781004533
12.5,345.14,7.93732951241447
12.5,346.63625,7.86251278458086
12.5,348.1325,7.78825656590812
12.5,349.62875,7.71455012698073
12.5,351.125,7.64138312148137
12.5,352.62125,7.56874562830484
12.5,354.1175,7.49662818453455
12.5,355.61375,7.42502180996736
12.5,357.11,7.35391802391318
12.5,358.60625,7.28330885501521
12.5,360.1025,7.21318684484113
12.5,361.59875,7.14354504598561
12.5,363.095,7.07437701540229
12.5,364.59125,7.00567680365264
12.5,366.0875,6.93743894072014
12.5,367.58375,6.86965841899532
12.5,369.08,6.80233067398902
12.5,370.57625,6.73545156328317
12.5,372.0725,6.66901734417763
12.5,373.56875,6.60302465044308
12.5,375.065,6.53747046854139
12.5,376.56125,6.47235211362916
12.5,378.0575,6.40766720561642
12.5,379.55375,6.34341364551213
12.5,381.05,6.27958959225025
12.5,382.54625,6.21619344015625
12.5,384.0425,6.15322379718246
12.5,385.53875,6.09067946401346
12.5,387.035,6.02855941411736
12.5,388.53125,5.9668627747978
12.5,390.0275,5.90558880928193
12.5,391.52375,5.84473689986399
12.5,393.02,5.7843065321098
12.5,394.51625,5.72429728011575
12.5,396.0125,5.66470879280664
12.5,397.50875,5.60554078124818
12.5,399.005,5.54679300694391
12.5,400.50125,5.4884652710814
12.5,401.9975,5.43055740468852
12.5,403.49375,5.37306925965813
12.5,404.99,5.31600070059756
12.5,406.48625,5.25935159745835
12.5,407.9825,5.20312181890109
12.5,409.47875,5.14731122635075
12.5,410.975,5.09191966869785
12.5,412.47125,5.03694697760259
12.5,413.9675,4.98239296335947
12.5,415.46375,4.92825741128208
12.5,416.96,4.87454007856881
12.5,418.45625,4.82124069161247
12.5,419.9525,4.76835894371825
12.5,421.44875,4.7158944931966
12.5,422.945,4.66384696179926
12.5,424.44125,4.61221593346888
12.5,425.9375,4.56100095337418
12.5,427.43375,4.51020152720473
12.5,428.93,4.45981712070105
12.5,430.42625,4.40984715939746
12.5,431.9225,4.36029102855686
12.5,433.41875,4.31114807327815
12.5,434.915,4.26241759875836
12.5,436.41125,4.21409887069343
12.5,437.9075,4.16619111580234
12.5,439.40375,4.11869352246119
12.5,440.9,4.07160524143452
12.5,442.39625,4.02492538669272
12.5,443.8925,3.97865303630517
12.5,445.38875,3.93278723339989
12.5,446.885,3.88732698718145
12.5,448.38125,3.84227127399966
12.5,449.8775,3.79761903846254
12.5,451.37375,3.75336919458776
12.5,452.87,3.70952062698739
12.5,454.36625,3.66607219208179
12.5,455.8625,3.62302271933869
12.5,457.35875,3.58037101253452
12.5,458.855,3.53811585103537
12.5,460.35125,3.49625599109553
12.5,461.8475,3.45479016717228
12.5,463.34375,3.41371709325583
12.5,464.84,3.37303546421391
12.5,466.33625,3.33274395715099
12.5,467.8325,3.29284123278263
12.5,469.32875,3.25332593682552
12.5,470.825,3.21419670140488
12.5,472.32125,3.17545214648049
12.5,473.8175,3.13709088129388
12.5,475.31375,3.09911150583897
12.5,476.81,3.06151261235938
12.5,478.30625,3.02429278687569
12.5,479.8025,2.98745061074686
12.5,481.29875,2.95098466227012
12.5,482.795,2.91489351832434
12.5,484.29125,2.87917575606251
12.5,485.7875,2.84382995465955
12.5,487.28375,2.80885469712211
12.5,488.78,2.77424857216808
12.5,490.27625,2.74001017618407
12.5,491.7725,2.7061381152699
12.5,493.26875,2.67263100738035
12.5,494.765,2.63948748457503
12.5,496.26125,2.60670619538881
12.5,497.7575,2.574285807336
12.5,499.25375,2.54222500956315
12.5,500.75,2.51052251566684
12.5,502.24625,2.47917706669427
12.5,503.7425,2.44818743434667
12.5,505.23875,2.41755242440727
12.5,506.735,2.38727088041824
12.5,508.23125,2.35734168763332
12.5,509.7275,2.32776377727604
12.5,511.22375,2.29853613113636
12.5,512.72,2.26965778654254
12.5,514.21625,2.24112784174892
12.5,515.7125,2.21294546178495
12.5,517.20875,2.18510988481589
12.5,518.705,2.15762042907164
12.5,520.20125,2.13047650040618
12.5,521.6975,2.1036776005579
12.5,523.19375,2.07722333618895
12.5,524.69,2.05111342879119
12.5,526.18625,2.02534772555623
12.5,527.6825,1.99992621131931
12.5,529.17875,1.97484902169905
12.5,530.675,1.95011645756991
12.5,532.17125,1.92572900102059
12.5,533.6675,1.90168733296906
12.5,535.16375,1.87799235262552
12.5,536.66,1.8546451990161
12.5,538.15625,1.83164727480474
12.5,539.6525,1.80900027267677
12.5,541.14875,1.78670620457657
12.5,542.645,1.7647674341217
12.5,544.14125,1.74318671254815
12.5,545.6375,1.72196721857392
12.5,547.13375,1.70111260260049
12.5,548.63,1.6806270357024
12.5,550.12625,1.66051526388139
12.5,551.6225,1.64078266808008
12.5,553.11875,1.62143533045675
12.5,554.615,1.60248010741025
12.5,556.11125,1.58392470980482
12.5,557.6075,1.56577779076615
12.5,559.10375,1.54804904128803
12.5,560.6,1.53074929368411
12.5,562.09625,1.51389063261653
12.5,563.5925,1.49748651300337
12.5,565.08875,1.48155188351289
12.5,566.585,1.46610331355346
12.5,568.08125,1.45115912061899
12.5,569.5775,1.43673949350554
12.5,571.07375,1.42286660524028
12.5,572.57,1.4095647075434
12.5,574.06625,1.39686019630013
12.5,575.5625,1.38478163494417
12.5,577.05875,1.37335972003049
12.5,578.555,1.36262717092705
12.5,580.05125,1.35261852396728
12.5,581.5475,1.34336981124407
12.5,583.04375,1.33491810630583
12.5,584.54,1.32730092420206
12.5,586.03625,1.32055547234645
12.5,587.5325,1.31471776181695
12.5,589.02875,1.30982160551751
12.5,590.525,1.30589754852544
12.5,592.02125,1.30297179419215
12.5,593.5175,1.30106520347523
12.5,595.01375,1.30019245067976
12.5,596.51,1.30036141329658
12.5,598.00625,1.3015728560188
12.5,599.5025,1.3038204411403
12.5,600.99875,1.3070910638853
12.5,602.495,1.31136547786307
12.5,603.99125,1.31661914877324
12.5,605.4875,1.32282325796904
12.5,606.98375,1.32994577307807
12.5,608.48,1.33795250941891
12.5,609.97625,1.34680812032906
12.5,611.4725,1.35647697285101
12.5,612.96875,1.36692388391308
12.5,614.465,1.37811470856492
12.5,615.96125,1.39001678454239
12.5,617.4575,1.40259924605516
12.5,618.95375,1.41583322455886
12.5,620.45,1.42969195613514
12.5,621.94625,1.44415081481572
12.5,623.4425,1.45918728954731
12.5,624.93875,1.47478092014551
12.5,626.435,1.49091320499508
12.5,627.93125,1.50756749072581
12.5,629.4275,1.5247288518028
12.5,630.92375,1.54238396600047
12.5,632.42,1.56052099009971
12.5,633.91625,1.57912943884082
12.5,635.4125,1.59820006914536
12.5,636.90875,1.61772477084289
12.5,638.405,1.63769646456083
12.5,639.90125,1.65810900701661
12.5,641.3975,1.67895710365468
12.5,642.89375,1.70023622836999
12.5,644.39,1.72194254992746
12.5,645.88625,1.74407286460808
12.5,647.3825,1.76662453456963
12.5,648.87875,1.78959543139399
12.5,650.375,1.81298388429447
12.5,651.87125,1.83678863247033
12.5,653.3675,1.86100878111516
12.5,654.86375,1.88564376061091
12.5,656.36,1.91069328846416
12.5,657.85625,1.93615733356772
12.5,659.3525,1.96203608239473
12.5,660.84875,1.98832990675593
12.5,662.345,2.01503933277138
12.5,663.84125,2.04216501072732
12.5,665.3375,2.0697076855051
12.5,666.83375,2.09766816728471
12.5,668.33,2.12604730223808
12.5,669.82625,2.15484594293983
12.5,671.3225,2.18406491823393
12.5,672.81875,2.21370500230563
12.5,674.315,2.24376688271888
12.5,675.81125,2.27425112719151
12.5,677.3075,2.30515814889368
12.5,678.80375,2.33648817007119
12.5,680.3,2.36824118381507
12.5,681.79625,2.40041691382236
12.5,683.2925,2.43301477202359
12.5,684.78875,2.46603381398913
12.5,686.285,2.49947269207279
12.5,687.78125,2.53332960630708
12.5,689.2775,2.56760225313275
12.5,690.77375,2.60228777212748
12.5,692.27,2.63738269099588
12.5,693.76625,2.67288286919829
12.5,695.2625,2.70878344072887
12.5,696.75875,2.74507875670726
12.5,698.255,2.78176232862177
12.5,699.75125,2.81882677325568
12.5,701.2475,2.85626376054138
12.5,702.74375,2.89406396581562
12.5,704.24,2.93221702819059
12.5,705.73625,2.97071151700098
12.5,707.2325,3.00953490853064
12.5,708.72875,3.0486735754494
12.5,710.225,3.08811279158844
12.5,711.72125,3.12783675483257
12.5,713.2175,3.16782863098928
12.5,714.71375,3.20807062148435
12.5,716.21,3.24854405760793
12.5,717.70625,3.28922952376666
12.5,719.2025,3.33010701176473
12.5,720.69875,3.37115610751799
12.5,722.195,3.41235621078828
12.5,723.69125,3.45368678750517
12.5,725.1875,3.49512765302943
12.5,726.68375,3.53665928332997
12.5,728.18,3.57826314953935
12.5,729.67625,3.61992206978147
12.5,731.1725,3.66162057061267
12.5,732.66875,3.7033452489797
12.5,734.165,3.74508512438386
12.5,735.66125,3.78683197006251
12.5,737.1575,3.82858061156275
12.5,738.65375,3.87032918117833
12.5,740.15,3.91207931740907
12.5,741.64625,3.95383629991087
12.5,743.1425,3.99560911230614
12.5,744.63875,4.03741042765571
12.5,746.135,4.0792565142311
12.5,747.63125,4.12116706231633
12.5,749.1275,4.16316493592317
12.5,750.62375,4.20527585632423
12.5,752.12,4.24752802700304
12.5,753.61625,4.28995171181639
12.5,755.1125,4.33257877973346
12.5,756.60875,4.37544223037713
12.5,758.105,4.41857571471962
12.5,759.60125,4.46201306471004
12.5,761.0975,4.50578784441358
12.5,762.59375,4.54993293354217
12.5,764.09,4.59448015219514
12.5,765.58625,4.63945993336304
12.5,767.0825,4.68490104742645
12.5,768.57875,4.73083038063937
12.5,770.075,4.77727276753643
12.5,771.57125,4.82425087542569
12.5,773.0675,4.87178513767529
12.5,774.56375,4.91989373139751
12.5,776.06,4.96859259437481
12.5,777.55625,5.01789547563556
12.5,779.0525,5.06781401393674
12.5,780.54875,5.11835783850122
12.5,782.045,5.16953468663605
12.5,783.54125,5.22135053327852
12.5,785.0375,5.27380972803082
12.5,786.53375,5.32691513581052
12.5,788.03,5.38066827782943
12.5,789.52625,5.43506947018955
12.5,791.0225,5.49011795793099
12.5,792.51875,5.54581204287014
12.5,794.015,5.60214920401556
12.5,795.51125,5.65912620974093
12.5,797.0075,5.71673922123049
12.5,798.50375,5.77498388698809
12.5,800,5.83385542842821
15,201.5,13.4605245200691
15,202.99625,13.5049414547284
15,204.4925,13.542700639307
15,205.98875,13.5740771797865
15,207.485,13.5993358143085
15,208.98125,13.618731203786
15,210.4775,13.6325082372665
15,211.97375,13.6409023464902
15,213.47,13.6441398253587
15,214.96625,13.6424381510213
15,216.4625,13.6360063040705
15,217.95875,13.6250450859538
15,219.455,13.6097474321976
15,220.95125,13.5902987204255
15,222.4475,13.5668770724562
15,223.94375,13.5396536500093
15,225.44,13.5087929437348
15,226.93625,13.4744530554307
15,228.4325,13.4367859734257
15,229.92875,13.3959378411905
15,231.425,13.3520492193029
15,232.92125,13.3052553409366
15,234.4175,13.2556863610669
15,235.91375,13.2034675996007
15,237.41,13.1487197786354
15,238.90625,13.0915592540399
15,240.4025,13.0320982415234
15,241.89875,12.9704450373286
15,243.395,12.9067042336393
15,244.89125,12.8409769287405
15,246.3875,12.77336093191
15,247.88375,12.7039509629511
15,249.38,12.6328388461999
15,250.87625,12.5601136987607
15,252.3725,12.485862112634
15,253.86875,12.410168330314
15,255.365,12.3331144133362
15,256.86125,12.2547804031678
15,258.3575,12.1752444737395
15,259.85375,12.0945830748382
15,261.35,12.0128710654992
15,262.84625,11.9301818364814
15,264.3425,11.8465874208554
15,265.83875,11.7621585917175
15,267.335,11.6769649460374
15,268.83125,11.5910749736807
15,270.3275,11.5045561107104
15,271.82375,11.4174747761714
15,273.32,11.3298963917026
15,274.81625,11.2418853835016
15,276.3125,11.1535051663894
15,277.80875,11.0648181099823
15,279.305,10.9758854872778
15,280.80125,10.8867674062866
15,282.2975,10.7975227256971
15,283.79375,10.7082089559229
15,285.29,10.6188821472505
15,286.78625,10.5295967671666
15,288.2825,10.4404055692744
15,289.77875,10.3513594565085
15,291.275,10.2625073416006
15,292.77125,10.1738960079296
15,294.2675,10.0855699739927
15,295.76375,9.99757136475291
15,297.26,9.90993979304917
15,298.75625,9.82271225408914
15,300.2525,9.73592303579304
15,301.74875,9.6496036474186
15,303.245,9.56378276848519
15,304.74125,9.47848621954293
15,306.2375,9.39373695581628
15,307.73375,9.30955508420832
15,309.23,9.22595790360286
15,310.72625,9.14295996786512
15,312.2225,9.06057317043594
15,313.71875,8.97880684895733
15,315.215,8.89766790797121
15,316.71125,8.81716095740967
15,318.2075,8.73728846435148
15,319.70375,8.65805091535869
15,321.2,8.57944698662892
15,322.69625,8.50147371920056
15,324.1925,8.42412669652155
15,325.68875,8.34740022183115
15,327.185,8.27128749299576
15,328.68125,8.19578077267477
15,330.1775,8.12087155195732
15,331.67375,8.04655070589609
15,333.17,7.97280863965684
15,334.66625,7.89963542429478
15,336.1625,7.82702092145098
15,337.65875,7.75495489652779
15,339.155,7.68342712014595
15,340.65125,7.6124274579043
15,342.1475,7.54194594865271
15,343.64375,7.47197287164957
15,345.14,7.40249880310671
15,346.63625,7.33351466272769
15,348.1325,7.26501175092193
15,349.62875,7.19698177742969
15,351.125,7.12941688212288
15,352.62125,7.06230964875848
15,354.1175,6.9956531124562
15,355.61375,6.92944076165378
15,357.11,6.86366653526453
15,358.60625,6.79832481572396
15,360.1025,6.73341041856899
15,361.59875,6.66891857914602
15,363.095,6.60484493699363
15,364.59125,6.54118551839495
15,366.0875,6.47793671754437
15,367.58375,6.41509527672334
15,369.08,6.35265826583257
15,370.57625,6.29062306158323
15,372.0725,6.22898732660714
15,373.56875,6.16774898870737
15,375.065,6.10690622043465
15,376.56125,6.04645741914274
15,378.0575,5.98640118764681
15,379.55375,5.92673631558286
15,381.05,5.86746176154315
15,382.54625,5.80857663604292
15,384.0425,5.75008018535578
15,385.53875,5.69197177624049
15,387.035,5.634250881569
15,388.53125,5.57691706685472
15,390.0275,5.51996997767147
15,391.52375,5.46340932794572
15,393.02,5.40723488909922
15,394.51625,5.35144648001442
15,396.0125,5.29604395779125
15,397.50875,5.24102720926166
15,399.005,5.18639614322606
15,400.50125,5.13215068337507
15,401.9975,5.07829076185913
15,403.49375,5.02481631346861
15,404.99,4.97172727038746
15,406.48625,4.9190235574839
15,407.9825,4.86670508810267
15,409.47875,4.81477176032454
15,410.975,4.76322345365999
15,412.47125,4.71206002614521
15,413.9675,4.66128131181034
15,415.46375,4.6108871184911
15,416.96,4.56087722595662
15,418.45625,4.51125138432783
15,419.9525,4.46200931276225
15,421.44875,4.41315069838254
15,422.945,4.3646751954276
15,424.44125,4.31658242460659
15,425.9375,4.2688719726373
15,427.43375,4.22154339195203
15,428.93,4.17459620055494
15,430.42625,4.12802988201651
15,431.9225,4.08184388559148
15,433.41875,4.03603762644799
15,434.915,3.99061048599648
15,436.41125,3.94556181230812
15,437.9075,3.90089092061318
15,439.40375,3.8565970938707
15,440.9,3.8126795834018
15,442.39625,3.7691376095795
15,443.8925,3.72597036256862
15,445.38875,3.68317700311036
15,446.885,3.64075666334624
15,448.38125,3.59870844767714
15,449.8775,3.55703143365352
15,451.37375,3.51572467289346
15,452.87,3.47478719202562
15,454.36625,3.43421799365484
15,455.8625,3.39401605734835
15,457.35875,3.35418034064112
15,458.855,3.31470978005929
15,460.35125,3.27560329216096
15,461.8475,3.23685977459401
15,463.34375,3.19847810717109
15,464.84,3.16045715296213
15,466.33625,3.1227957594053
15,467.8325,3.08549275943749
15,469.32875,3.04854697264598
15,470.825,3.01195720644309
15,472.32125,2.97572225726635
15,473.8175,2.93984091180669
15,475.31375,2.904311948268
15,476.81,2.86913413766158
15,478.30625,2.83430624513949
15,479.8025,2.79982703137158
15,481.29875,2.76569525397111
15,482.795,2.73190966897483
15,484.29125,2.69846903238381
15,485.7875,2.66537210177205
15,487.28375,2.63261763797084
15,488.78,2.60020440683728
15,490.27625,2.56813118111691
15,491.7725,2.53639674241072
15,493.26875,2.50499988325865
15,494.765,2.47393940935249
15,496.26125,2.4432141418927
15,497.7575,2.41282292010535
15,499.25375,2.38276460393704
15,500.75,2.35303807694774
15,502.24625,2.32364224942381
15,503.7425,2.29457606173599
15,505.23875,2.26583848797002
15,506.735,2.23742853986087
15,508.23125,2.20934527106535
15,509.7275,2.1815877818118
15,511.22375,2.15415522397074
15,512.72,2.12704680659548
15,514.21625,2.10026180198801
15,515.7125,2.07379955235241
15,517.20875,2.04765947710626
15,518.705,2.02184108092951
15,520.20125,1.99634396264076
15,521.6975,1.97116782500299
15,523.19375,1.94631248557429
15,524.69,1.92177788873508
15,526.18625,1.89756411904087
15,527.6825,1.87367141607062
15,529.17875,1.8501001909639
15,530.675,1.82685104486724
15,532.17125,1.80392478954067
15,533.6675,1.78132247041082
15,535.16375,1.75904539239684
15,536.66,1.7370951488811
15,538.15625,1.71547365424822
15,539.6525,1.69418318047416
15,541.14875,1.67322639831246
15,542.645,1.65260642369692
15,544.14125,1.63232687005997
15,545.6375,1.61239190735167
15,547.13375,1.59280632863571
15,548.63,1.57357562523197
15,550.12625,1.55470607146627
15,551.6225,1.53620482016947
15,553.11875,1.51808001012879
15,554.615,1.50034088671791
15,556.11125,1.48299793689534
15,557.6075,1.4660630396286
15,559.10375,1.44954963252859
15,560.6,1.43347289499961
15,562.09625,1.41784994744144
15,563.5925,1.40270006487048
15,565.08875,1.38804490162076
15,566.585,1.37390872138203
15,568.08125,1.36031862355576
15,569.5775,1.34730475259729
15,571.07375,1.33490047156027
15,572.57,1.32314247450279
15,574.06625,1.31207080505689
15,575.5625,1.30172874103093
15,577.05875,1.29216249875512
15,578.555,1.28342070810191
15,580.05125,1.27555361258517
15,581.5475,1.26861196197215
15,583.04375,1.2626455903441
15,584.54,1.25770171163188
15,586.03625,1.25382301489402
15,587.5325,1.25104569557925
15,589.02875,1.24939760435777
15,590.525,1.24889671697826
15,592.02125,1.2495501147206
15,593.5175,1.25135361148194
15,595.01375,1.25429207858367
15,596.51,1.25834042113383
15,598.00625,1.26346507383823
15,599.5025,1.26962582896127
15,600.99875,1.27677779341013
15,602.495,1.28487329223202
15,603.99125,1.29386358015507
15,605.4875,1.30370027638595
15,606.98375,1.3143364882193
15,608.48,1.32572762850794
15,609.97625,1.33783195806968
15,611.4725,1.35061089764898
15,612.96875,1.3640291579532
15,614.465,1.37805473382299
15,615.96125,1.39265880265167
15,617.4575,1.40781555986528
15,618.95375,1.42350201698255
15,620.45,1.4396977812422
15,621.94625,1.45638483032979
15,623.4425,1.47354729140809
15,624.93875,1.49117123035538
15,626.435,1.50924445468765
15,627.93125,1.52775633191072
15,629.4275,1.54669762385705
15,630.92375,1.56606033677395
15,632.42,1.5858375864348
15,633.91625,1.60602347725771
15,635.4125,1.62661299427275
15,636.90875,1.64760190673216
15,638.405,1.66898668217312
15,639.90125,1.690764409797
15,641.3975,1.71293273210375
15,642.89375,1.73548978380684
15,644.39,1.75843413714194
15,645.88625,1.78176475276996
15,647.3825,1.80548093555689
15,648.87875,1.82958229458893
15,650.375,1.85406870684996
15,651.87125,1.87894028405007
15,653.3675,1.90419734214866
15,654.86375,1.92984037316343
15,656.36,1.95587001889843
15,657.85625,1.98228704626068
15,659.3525,2.00909232386652
15,660.84875,2.03628679966473
15,662.345,2.06387147932767
15,663.84125,2.09184740517998
15,665.3375,2.12021563545139
15,666.83375,2.14897722365399
15,668.33,2.17813319789583
15,669.82625,2.2076845399526
15,671.3225,2.23763216392773
15,672.81875,2.2679768943382
15,674.315,2.29871944347036
15,675.81125,2.32986038785564
15,677.3075,2.36140014372296
15,678.80375,2.39333894129051
15,680.3,2.42567679776735
15,681.79625,2.45841348894415
15,683.2925,2.49154851926277
15,684.78875,2.52508109026737
15,686.285,2.55901006735647
15,687.78125,2.59333394477481
15,689.2775,2.62805080880911
15,690.77375,2.66315829918175
15,692.27,2.6986535686737
15,693.76625,2.73453324105221
15,695.2625,2.77079336743207
15,696.75875,2.80742938126256
15,698.255,2.84443605220631
15,699.75125,2.88180743926258
15,701.2475,2.91953684358751
15,702.74375,2.9576167615776
15,704.24,2.99603883891134
15,705.73625,3.03479382638776
15,707.2325,3.07387153855915
15,708.72875,3.11326081632719
15,710.225,3.15294949485589
15,711.72125,3.19292437834716
15,713.2175,3.23317122342151
15,714.71375,3.27367473304122
15,716.21,3.31441856309749
15,717.70625,3.35538534394776
15,719.2025,3.39655671932031
15,720.69875,3.43791340508762
15,722.195,3.47943527042947
15,723.69125,3.52110144384273
15,725.1875,3.56289044628898
15,726.68375,3.60478035348016
15,728.18,3.64674898887051
15,729.67625,3.68877414832996
15,731.1725,3.73083385671137
15,732.66875,3.77290665558292
15,734.165,3.81497192028449
15,735.66125,3.85701020319874
15,737.1575,3.89900359873311
15,738.65375,3.94093612403622
15,740.15,3.98279410798301
15,741.64625,4.02456657953471
15,743.1425,4.06624564530604
15,744.63875,4.10782684515038
15,746.135,4.1493094739075
15,747.63125,4.19069685724436
15,749.1275,4.23199656983706
15,750.62375,4.27322058504849
15,752.12,4.31438534677295
15,753.61625,4.35551175622595
15,755.1125,4.39662506909124
15,756.60875,4.43775470148603
15,758.105,4.47893394652079
15,759.60125,4.52019960662961
15,761.0975,4.56159155013109
15,762.59375,4.60315220345098
15,764.09,4.64492599290833
15,765.58625,4.68695875179034
15,767.0825,4.72929710950782
15,768.57875,4.77198787988607
15,770.075,4.81507746511179
15,771.57125,4.85861129058759
15,773.0675,4.90263328405496
15,774.56375,4.94718540997749
15,776.06,4.99230726749849
15,777.55625,5.03803575747156
15,779.0525,5.08440482127531
15,780.54875,5.13144525150641
15,782.045,5.17918457231599
15,783.54125,5.2276469851936
15,785.0375,5.27685337445955
15,786.53375,5.32682136561631
15,788.03,5.37756542901796
15,789.52625,5.42909702101406
15,791.0225,5.4814247547546
15,792.51875,5.53455459315177
15,794.015,5.58849005701661
15,795.51125,5.64323244206156
15,797.0075,5.69878103923026
15,798.50375,5.75513335362885
15,800,5.81228531815071
