"fat_thickness [mm]","Freq [MHz]","re(Z(1,1)) []","im(Z(1,1)) []"
5,201.5,186.078581605885,-300.769979586921
5,202.99625,187.820804270773,-302.6338814832
5,204.4925,189.47967650962,-304.321252447529
5,205.98875,191.057698744852,-305.839654872754
5,207.485,192.557311730555,-307.196310253624
5,208.98125,193.980896123212,-308.39811592082
5,210.4775,195.330772278967,-309.451660851678
5,211.97375,196.60920024576,-310.363240613308
5,213.47,197.818379922004,-311.138871490468
5,214.96625,198.960451356526,-311.78430384745
5,216.4625,200.037495167106,-312.3050347703
5,217.95875,201.051533057411,-312.706320032999
5,219.455,202.004528414241,-312.993185428726
5,220.95125,202.898386968956,-313.170437504956
5,222.4475,203.734957508688,-313.242673739021
5,223.94375,204.516032624527,-313.214292188737
5,225.44,205.243349485282,-313.089500650882
5,226.93625,205.918590626743,-312.872325358592
5,228.4325,206.543384747526,-312.566619247217
5,229.92875,207.119307503722,-312.176069816741
5,231.425,207.647882295584,-311.704206617572
5,232.92125,208.130581040443,-311.154408385354
5,234.4175,208.568824927006,-310.529909849341
5,235.91375,208.96398514707,-309.833808237951
5,237.41,209.317383601573,-309.069069504188
5,238.90625,209.630293578835,-308.238534292857
5,240.4025,209.903940403699,-307.344923670739
5,241.89875,210.13950205727,-306.390844640235
5,243.395,210.33810976791,-305.378795456332
5,244.89125,210.500848575193,-304.311170766152
5,246.3875,210.628757869625,-303.190266589725
5,247.88375,210.72283191213,-302.018285160017
5,249.38,210.784020338549,-300.797339639581
5,250.87625,210.813228655771,-299.529458730475
5,252.3725,210.811318737552,-298.216591193263
5,253.86875,210.779109329615,-296.860610289984
5,255.365,210.717376575247,-295.46331816483
5,256.86125,210.626854574273,-294.026450174972
5,258.3575,210.508235990047,-292.551679182402
5,259.85375,210.362172720811,-291.040619815798
5,261.35,210.189276653514,-289.494832709247
5,262.84625,209.990120519798,-287.915828722081
5,264.3425,209.765238875378,-286.305073141168
5,265.83875,209.515129225264,-284.663989863566
5,267.335,209.240253318257,-282.993965553652
5,268.83125,208.941038634629,-281.29635376453
5,270.3275,208.617880090892,-279.572479008838
5,271.82375,208.271141984812,-277.823640758958
5,273.32,207.901160202316,-276.051117351255
5,274.81625,207.508244705433,-274.256169763349
5,276.3125,207.092682316839,-272.440045227789
5,277.80875,206.654739811802,-270.603980639963
5,279.305,206.194667322257,-268.749205712963
5,280.80125,205.712702050353,-266.876945827589
5,282.2975,205.209072280055,-264.988424522158
5,283.79375,204.684001665447,-263.084865564546
5,285.29,204.137713763272,-261.167494548253
5,286.78625,203.57043676531,-259.237539955733
5,288.2825,202.982408373776,-257.296233635891
5,289.77875,202.373880750396,-255.344810649001
5,291.275,201.745125457814,-253.384508441303
5,292.77125,201.096438301036,-251.416565323503
5,294.2675,200.42814396751,-249.442218241995
5,295.76375,199.740600357711,-247.462699848838
5,297.26,199.034202494613,-245.479234895761
5,298.75625,198.309385900646,-243.493035998216
5,300.2525,197.566629335163,-241.505298836937
5,301.74875,196.806456794457,-239.517196885643
5,303.245,196.029438689942,-237.529875773427
5,304.74125,195.236192138107,-235.544447407891
5,306.2375,194.427380317827,-233.561983999199
5,307.73375,193.603710875777,-231.58351213489
5,309.23,192.765933388071,-229.610007059828
5,310.72625,191.914835914664,-227.64238731446
5,312.2225,191.051240711157,-225.681509877486
5,313.71875,190.17599918906,-223.728165946078
5,315.215,189.289986238996,-221.783077468565
5,316.71125,188.394094050616,-219.846894521694
5,318.2075,187.489225577098,-217.920193598267
5,319.70375,186.576287800531,-216.003476842475
5,321.2,185.656184956754,-214.097172240895
5,322.69625,184.729811874582,-212.201634748346
5,324.1925,183.798047574962,-210.317148300924
5,325.68875,182.861749261395,-208.44392864466
5,327.185,181.921746814662,-206.582126888359
5,328.68125,180.978837883713,-204.731833673864
5,330.1775,180.03378364164,-202.893083846631
5,331.67375,179.087305252089,-201.065861504062
5,333.17,178.140081068441,-199.250105298449
5,334.66625,177.19274456639,-197.445713875004
5,336.1625,176.245882991131,-195.652551332813
5,337.65875,175.30003668362,-193.870452606827
5,339.155,174.355699036708,-192.099228681485
5,340.65125,173.413317021567,-190.338671560403
5,342.1475,172.4732922176,-188.588558931049
5,343.64375,171.535982274836,-186.848658477822
5,345.14,170.601702736392,-185.118731810908
5,346.63625,169.670729149484,-183.398537991175
5,348.1325,168.743299396371,-181.687836643071
5,349.62875,167.819616181041,-179.986390657545
5,351.125,166.899849612983,-178.293968495567
5,352.62125,165.984139835696,-176.610346109678
5,354.1175,165.072599654239,-174.935308506303
5,355.61375,164.16531712296,-173.2686509754
5,357.11,163.262358061138,-171.610180016537
5,358.60625,162.363768470666,-169.959713991836
5,360.1025,161.469576835747,-168.317083536593
5,361.59875,160.579796289938,-166.68213175797
5,363.095,159.694426640587,-165.054714251078
5,364.59125,158.813456244881,-163.434698960227
5,366.0875,157.936863735176,-161.821965911219
5,367.58375,157.064619594254,-160.216406838466
5,369.08,156.196687583508,-158.617924728456
5,370.57625,155.333026028932,-157.026433298846
5,372.0725,154.473588971233,-155.441856430181
5,373.56875,153.618327187416,-153.864127565106
5,375.065,152.767189091897,-152.293189087853
5,376.56125,151.92012152561,-150.728991694911
5,378.0575,151.077070441771,-149.171493765995
5,379.55375,150.237981496926,-147.620660742866
5,381.05,149.40280055578,-146.07646452212
5,382.54625,148.571474117989,-144.538882866801
5,384.0425,147.743949674762,-143.007898840601
5,385.53875,146.920176002675,-141.483500267416
5,387.035,146.100103401637,-139.965679218256
5,388.53125,145.283683883456,-138.454431526763
5,390.0275,144.47087131695,-136.94975633402
5,391.52375,143.66162153508,-135.451655662862
5,393.02,142.855892409045,-133.960134021479
5,394.51625,142.053643893871,-132.475198035788
5,396.0125,141.25483804955,-130.996856109823
5,397.50875,140.459439041361,-129.525118113152
5,399.005,139.667413122649,-128.059995094227
5,400.50125,138.878728602934,-126.601499018452
5,401.9975,138.093355803931,-125.149642529691
5,403.49375,137.311267005716,-123.704438733892
5,404.99,136.532436385034,-122.265901003507
5,406.48625,135.756839947463,-120.834042801371
5,407.9825,134.984455454939,-119.408877522746
5,409.47875,134.215262349941,-117.990418354246
5,410.975,133.449241677446,-116.578678148427
5,412.47125,132.686376005607,-115.173669312849
5,413.9675,131.926649345967,-113.775403712484
5,415.46375,131.170047073889,-112.38389258441
5,416.96,130.416555849761,-110.999146463763
5,418.45625,129.666163541466,-109.621175120008
5,419.9525,128.918859148487,-108.249987502623
5,421.44875,128.174632727959,-106.88559169537
5,422.945,127.43347532292,-105.527994878367
5,424.44125,126.695378892937,-104.177203297241
5,425.9375,125.960336247261,-102.833222238683
5,427.43375,125.2283409806,-101.49605601179
5,428.93,124.499387411565,-100.165707934617
5,430.42625,123.773470523849,-98.8421803254023
5,431.9225,123.050585910108,-97.5254744979947
5,433.41875,122.33072971857,-96.2155907610162
5,434.915,121.613898602302,-94.9125284203633
5,436.41125,120.900089671125,-93.616285784666
5,437.9075,120.189300446092,-92.3268601733608
5,439.40375,119.481528816477,-91.0442479270656
5,440.9,118.776772999195,-89.76844441997
5,442.39625,118.075031500581,-88.4994440739814
5,443.8925,117.376303080429,-87.2372403743903
5,445.38875,116.680586718229,-85.9818258868402
5,446.885,115.987881581488,-84.7331922754086
5,448.38125,115.298186996066,-83.491330321623
5,449.8775,114.611502418428,-82.2562299442522
5,451.37375,113.927827409736,-81.0278802197313
5,452.87,113.247161611673,-79.8062694030905
5,454.36625,112.569504723942,-78.591384949272
5,455.8625,111.894856483334,-77.3832135347309
5,457.35875,111.223216644295,-76.1817410792281
5,458.855,110.55458496092,-74.9869527677305
5,460.35125,109.888961170277,-73.7988330723461
5,461.8475,109.226344977017,-72.6173657742264
5,463.34375,108.566736039172,-71.4425339853804
5,464.84,107.910133955097,-70.2743201703458
5,466.33625,107.256538251478,-69.112706167674
5,467.8325,106.605948372343,-67.9576732111891
5,469.32875,105.958363669032,-66.8092019509856
5,470.825,105.313783391051,-65.6672724741345
5,472.32125,104.672206677772,-64.5318643250739
5,473.8175,104.033632550918,-63.4029565256595
5,475.31375,103.398059907793,-62.2805275948576
5,476.81,102.7654875152,-61.1645555680656
5,478.30625,102.135914004021,-60.0550180160442
5,479.8025,101.5093378644,-58.9518920634556
5,481.29875,100.885757441496,-57.8551544069935
5,482.795,100.265170931784,-56.7647813331045
5,484.29125,99.6475763798366,-55.6807487352915
5,485.7875,99.032971675592,-54.6030321309987
5,487.28375,98.4213545520462,-53.5316066780773
5,488.78,97.8127225833581,-52.4664471908282
5,490.27625,97.2070731833321,-51.4075281556261
5,491.7725,96.6044036042562,-50.3548237461245
5,493.26875,96.0047109360683,-49.3083078380453
5,494.765,95.4079921058299,-48.2679540235558
5,496.26125,94.8142438774841,-47.2337356252358
5,497.7575,94.2234628518786,-46.205625709643
5,499.25375,93.6356454670345,-45.1835971004764
5,500.75,93.0507879986423,-44.1676223913491
5,502.24625,92.4688865607692,-43.1576739581694
5,503.7425,91.8899371067618,-42.1537239711437
5,505.23875,91.3139354303284,-41.1557444064004
5,506.735,90.7408771667893,-40.1637070572457
5,508.23125,90.1707577944798,-39.1775835450582
5,509.7275,89.6035726362958,-38.1973453298232
5,511.22375,89.0393168613688,-37.2229637203227
5,512.72,88.4779854868624,-36.2544098839783
5,514.21625,87.9195733798775,-35.2916548563616
5,515.7125,87.3640752594598,-34.3346695503731
5,517.20875,86.8114856986991,-33.3834247651007
5,518.705,86.261799126914,-32.4378911943611
5,520.20125,85.7150098319135,-31.4980394349337
5,521.6975,85.1711119623301,-30.5638399944904
5,523.19375,84.6300995300168,-29.6352632992312
5,524.69,84.0919664125037,-28.712279701229
5,526.18625,83.5567063555072,-27.7948594854908
5,527.6825,83.024312975489,-26.882972876743
5,529.17875,82.494779762259,-25.9765900459442
5,530.675,81.968100081619,-25.0756811165324
5,532.17125,81.444267178043,-24.1802161704131
5,533.6675,80.9232741773913,-23.2901652536926
5,535.16375,80.4051140896559,-22.4054983821619
5,536.66,79.8897798117336,-21.5261855465384
5,538.15625,79.3772641302261,-20.6521967174663
5,539.6525,78.8675597242636,-19.7835018502861
5,541.14875,78.3606591683521,-18.920070889572
5,542.645,77.8565549352423,-18.0618737734472
5,544.14125,77.3552393988184,-17.208880437677
5,545.6375,76.8567048370079,-16.3610608195469
5,547.13375,76.3609434347115,-15.5183848615285
5,548.63,75.8679472867511,-14.6808225147371
5,550.12625,75.3777084008398,-13.8483437421843
5,551.6225,74.8902187005707,-13.0209185218302
5,553.11875,74.4054700284284,-12.1985168494387
5,554.615,73.9234541488214,-11.3811087412361
5,556.11125,73.4441627511396,-10.5686642363807
5,557.6075,72.9675874528363,-9.76115339924215
5,559.10375,72.4937198025376,-8.95854632149585
5,560.6,72.0225512831815,-8.16081312403404
5,562.09625,71.5540733151895,-7.36792395869506
5,563.5925,71.0882772596721,-6.57984900981524
5,565.08875,70.6251544216735,-5.79655849560307
5,566.585,70.1646960534575,-5.01802266933986
5,568.08125,69.7068933578394,-4.24421182040609
5,569.5775,69.2517374915666,-3.47509627513897
5,571.07375,68.7992195687556,-2.71064639751798
5,572.57,68.3493306643866,-1.95083258968471
5,574.06625,67.9020618178643,-1.19562529229387
5,575.5625,67.4574040366495,-0.444994984701073
5,577.05875,67.0153482999673,0.301087815015719
5,578.555,66.5758855626003,1.04265255019552
5,580.05125,66.1390067587731,1.77972862589764
5,581.5475,65.7047028061365,2.51234540936571
5,583.04375,65.2729646098593,3.24053223065038
5,584.54,64.8437830668384,3.96431838339277
5,586.03625,64.4171490700358,4.68373312576475
5,587.5325,63.9930535129527,5.39880568156668
5,589.02875,63.5714872942539,6.10956524148163
5,590.525,63.1524413225531,6.81604096448339
5,592.02125,62.7359065213719,7.51826197939794
5,593.5175,62.3218738342885,8.21625738661722
5,595.01375,61.9103342302879,8.91005625996271
5,596.51,61.5012787093329,9.59968764869676
5,598.00625,61.0946983081706,10.2851805796799
5,599.5025,60.6905841063933,10.9665640596709
5,600.99875,60.2889272327733,11.6438670777665
5,602.495,59.8897188718943,12.3171186079773
5,603.99125,59.4929502710978,12.9863476119344
5,605.4875,59.0986127477724,13.6515830417229
5,606.98375,58.7066976970089,14.3128538428356
5,608.48,58.3171965996503,14.9701889572397
5,609.97625,57.9301010307633,15.6236173265495
5,611.4725,57.5454026685654,16.2731678952927
5,612.96875,57.1630933038385,16.918869614264
5,614.465,56.7831648498648,17.5607514439486
5,615.96125,56.4056093529236,18.198842358005
5,617.4575,56.030419003387,18.8331713467878
5,618.95375,55.6575861474608,19.463767420893
5,620.45,55.2871032996112,20.0906596147023
5,621.94625,54.9189631557307,20.713876989904
5,623.4425,54.5531586070892,21.3334486389592
5,624.93875,54.1896827551307,21.9494036884826
5,626.435,53.8285289271673,22.5617713025008
5,627.93125,53.469690693035,23.1705806855462
5,629.4275,53.1131618827759,23.7758610855384
5,630.92375,52.7589366054124,24.3776417964007
5,632.42,52.4070092688874,24.9759521603505
5,633.91625,52.0573746012436,25.5708215697944
5,635.4125,51.710027673123,26.1622794687527
5,636.90875,51.3649639216665,26.7503553537238
5,638.405,51.0221791759006,27.335078773893
5,639.90125,50.6816696836999,27.916479330575
5,641.3975,50.3434321404179,28.4945866757658
5,642.89375,50.0074637192777,29.0694305096673
5,644.39,49.6737621036229,29.6410405770295
5,645.88625,49.3423255211231,30.2094466621353
5,647.3825,49.0131527800335,30.7746785822375
5,648.87875,48.6862433076049,31.3367661792286
5,650.375,48.3615971907415,31.8957393093079
5,651.87125,48.0392152189948,32.4516278303715
5,653.3675,47.7190989299839,33.0044615868349
5,654.86375,47.4012506573154,33.5542703915526
5,656.36,47.0856735810739,34.1010840044733
5,657.85625,46.772371780933,34.6449321076242
5,659.3525,46.4613502919215,35.1858442759791
5,660.84875,46.1526151628551,35.723849943721
5,662.345,45.846173517415,36.2589783653558
5,663.84125,45.5420336178191,36.7912585710894
5,665.3375,45.2402049309867,37.3207193158199
5,666.83375,44.9406981970475,37.8473890210403
5,668.33,44.6435254999813,38.3712957088878
5,669.82625,44.3487003400985,38.8924669275106
5,671.3225,44.0562377079875,39.4109296668636
5,672.81875,43.7661541594461,39.9267102639742
5,674.315,43.478467890797,40.439834296665
5,675.81125,43.1931988138446,40.9503264646537
5,677.3075,42.9103686295669,41.4582104569035
5,678.80375,42.6300008994525,41.9635088040434
5,680.3,42.3521211131779,42.4662427146574
5,681.79625,42.0767567510766,42.9664318942115
5,683.2925,41.8039373395838,43.4640943454048
5,684.78875,41.5336944975331,43.9592461487549
5,686.285,41.2660619708436,44.4519012223072
5,687.78125,41.0010756527677,44.9420710594626
5,689.2775,40.7387735864624,45.4297644440934
5,690.77375,40.4791959462182,45.9149871423506
5,692.27,40.222384993216,46.3977415708784
5,693.76625,39.9683850012076,46.8780264415611
5,695.2625,39.7172421470307,47.3558363834408
5,696.75875,39.469004360385,47.8311615430848
5,698.255,39.2237211268445,48.3039871654619
5,699.75125,38.9814432376713,48.77429315832
5,701.2475,38.7422224796662,49.2420536441602
5,702.74375,38.5061112580809,49.7072365051882
5,704.24,38.2731621455558,50.1698029280894
5,705.73625,38.0434273502093,50.6297069571255
5,707.2325,37.816958096425,51.0868950658713
5,708.72875,37.5938039126442,51.5413057598824
5,710.225,37.3740118216333,51.9928692246595
5,711.72125,37.1576254303321,52.4415070353937
5,713.2175,36.9446839185647,52.8871319470748
5,714.71375,36.7352209286814,53.329647785472
5,716.21,36.5292633616193,53.7689494611714
5,717.70625,36.326830088969,54.2049231300642
5,719.2025,36.1279305953774,54.6374465242682
5,720.69875,35.9325635709555,55.0663894772071
5,722.195,35.7407154791742,55.4916146652553
5,723.69125,35.5523591318366,55.9129785857594
5,725.1875,35.3674523088553,56.330332787178
5,726.68375,35.1859364664008,56.743525361383
5,728.18,35.0077355821201,57.1524027007656
5,729.67625,34.8327551900737,57.5568115136918
5,731.1725,34.6608816603028,57.9566010812193
5,732.66875,34.4919817780084,58.3516257260933
5,734.165,34.3259026747127,58.7417474523649
5,735.66125,34.1624721581238,59.1268387011264
5,737.1575,34.001499478489,59.5067851556137
5,738.65375,33.8427765569912,59.8814885181878
5,740.15,33.6860796864502,60.2508691733719
5,741.64625,33.53117169675,60.6148686461437
5,743.1425,33.3778045578265,60.9734517638308
5,744.63875,33.2257223727875,61.3266084338048
5,746.135,33.0746646940467,61.6743549580188
5,747.63125,32.9243700775907,62.0167348191693
5,749.1275,32.7745797760134,62.3538188913906
5,750.62375,32.6250414609065,62.6857050500229
5,752.12,32.475512860516,63.0125171788928
5,753.61625,32.32576519977,63.334403598205
5,755.1125,32.1755863369224,63.6515349600005
5,756.60875,32.0247835037411,63.9641016795875
5,758.105,31.8731855735434,64.2723109890457
5,759.60125,31.72064480225,64.5763837117645
5,761.0975,31.5670380105444,64.8765508643236
5,762.59375,31.4122671986552,65.1730501936863
5,764.09,31.2562596077304,65.4661227538567
5,765.58625,31.0989672619448,65.7560096174864
5,767.0825,30.9403660423434,66.0429488053524
5,768.57875,30.7804543562872,66.3271725012831
5,770.075,30.6192514749257,66.6089046031623
5,771.57125,30.4567956153681,66.888358643302
5,773.0675,30.2931418445098,67.1657360947142
5,774.56375,30.128359878294,67.4412250645359
5,776.06,29.9625318442673,67.714999362631
5,777.55625,29.7957500673396,67.9872179226213
5,779.0525,29.6281149294532,68.2580245444139
5,780.54875,29.4597328440701,68.5275479216979
5,782.045,29.2907143766007,68.7959019146489
5,783.54125,29.1211725325981,69.0631860269526
5,785.0375,28.9512212270618,69.3294860468885
5,786.53375,28.7809739407763,69.5948748141976
5,788.03,28.6105425633669,69.8594130774598
5,789.52625,28.4400364177116,70.1231504103701
5,791.0225,28.2695614564769,70.3861261593255
5,792.51875,28.0992196187444,70.6483703988927
5,794.015,27.9291083328482,70.9099048757985
5,795.51125,27.7593201505167,71.1707439259359
5,797.0075,27.5899424970471,71.4308953524303
5,798.50375,27.4210575224172,71.6903612559553
5,800,27.2527420388139,71.9491388112577
7.5,201.5,215.883743214752,-346.483056960056
7.5,202.99625,216.918823121629,-348.343336408699
7.5,204.4925,218.019922514286,-349.952495979814
7.5,205.98875,219.166910260541,-351.318106523756
7.5,207.485,220.341709169077,-352.449191127552
7.5,208.98125,221.528284571867,-353.355857528765
7.5,210.4775,222.712584547138,-354.048971243259
7.5,211.97375,223.882444035641,-354.539871624915
7.5,213.47,225.027463702483,-354.840130703552
7.5,214.96625,226.13887279472,-354.961352917557
7.5,216.4625,227.209383603137,-354.915012692175
7.5,217.95875,228.233043568084,-354.712326117477
7.5,219.455,229.205089645363,-354.364152652804
7.5,220.95125,230.121808306984,-353.880922734353
7.5,222.4475,230.980403506519,-353.272587308274
7.5,223.94375,231.778874085842,-352.548585585974
7.5,225.44,232.515901424848,-351.717827667868
7.5,226.93625,233.190747617468,-350.788689066393
7.5,228.4325,233.803164073246,-349.769014549532
7.5,229.92875,234.353310170756,-348.666129102635
7.5,231.425,234.841681405906,-347.486854156299
7.5,232.92125,235.269046365493,-346.237527544596
7.5,234.4175,235.636391797881,-344.924025937851
7.5,235.91375,235.944875034536,-343.551788737332
7.5,237.41,236.195783027338,-342.125842627242
7.5,238.90625,236.390497298073,-340.650826155013
7.5,240.4025,236.530464141406,-339.131013857483
7.5,241.89875,236.617169475708,-337.570339571646
7.5,243.395,236.652117793307,-335.972418667892
7.5,244.89125,236.636814720262,-334.340569024401
7.5,246.3875,236.57275275352,-332.677830626788
7.5,247.88375,236.461399798865,-330.986983730015
7.5,249.38,236.304190185475,-329.270565562588
7.5,250.87625,236.102517881446,-327.530885588307
7.5,252.3725,235.857731678896,-325.770039370278
7.5,253.86875,235.571132156864,-323.989921107104
7.5,255.365,235.243970264851,-322.192234933542
7.5,256.86125,234.877447399211,-320.378505098487
7.5,258.3575,234.472716868262,-318.550085152606
7.5,259.85375,234.030886659612,-316.708166296971
7.5,261.35,233.553023434204,-314.853785062528
7.5,262.84625,233.040157675476,-312.987830508217
7.5,264.3425,232.49328991838,-311.111051142326
7.5,265.83875,231.913397971235,-309.224061786242
7.5,267.335,231.301445023522,-307.327350610859
7.5,268.83125,230.658388504691,-305.421286581668
7.5,270.3275,229.985189523592,-303.506127546875
7.5,271.82375,229.282822676518,-301.582029191635
7.5,273.32,228.552285966057,-299.649055058119
7.5,274.81625,227.79461052599,-297.70718779382
7.5,276.3125,227.010869803221,-295.756341737634
7.5,277.80875,226.202187810786,-293.796376884304
7.5,279.305,225.369746041771,-291.827114183733
7.5,280.80125,224.514788627868,-289.848352034711
7.5,282.2975,223.638625343563,-287.85988372742
7.5,283.79375,222.742632101548,-285.861515481771
7.5,285.29,221.828248659357,-283.853084627411
7.5,286.78625,220.896973361039,-281.834477385199
7.5,288.2825,219.950354867824,-279.805645648702
7.5,289.77875,218.989980981436,-277.76662213654
7.5,291.275,218.017464823499,-275.717533298968
7.5,292.77125,217.034428792098,-273.658609418606
7.5,294.2675,216.042486858775,-271.590191445217
7.5,295.76375,215.043225882777,-269.512734243012
7.5,297.26,214.038186693073,-267.426806096835
7.5,298.75625,213.028845714466,-265.333084507967
7.5,300.2525,212.016597888846,-263.232348496191
7.5,301.74875,211.00274156776,-261.125467796881
7.5,303.245,209.988465934886,-259.013389486071
7.5,304.74125,208.974841367238,-256.89712267198
7.5,306.2375,207.962812975489,-254.777721951502
7.5,307.73375,206.953197391102,-252.656270342765
7.5,309.23,205.946682704703,-250.533862372872
7.5,310.72625,204.943831317848,-248.411587929732
7.5,312.2225,203.945085357338,-246.290517388117
7.5,313.71875,202.950774222296,-244.17168840319
7.5,315.215,201.961123790187,-242.056094640811
7.5,316.71125,200.97626679687,-239.9446765925
7.5,318.2075,199.996253922982,-237.838314511984
7.5,319.70375,199.02106515845,-235.737823415376
7.5,321.2,198.050621072158,-233.643950011482
7.5,322.69625,197.084793678097,-231.557371373539
7.5,324.1925,196.123416657019,-229.478695128278
7.5,325.68875,195.166294758828,-227.408460920465
7.5,327.185,194.213212272196,-225.347142908313
7.5,328.68125,193.26394050166,-223.295153054174
7.5,330.1775,192.318244237687,-221.25284499245
7.5,331.67375,191.375887241193,-219.220518279914
7.5,333.17,190.436636791324,-217.198422859849
7.5,334.66625,189.50026736451,-215.186763598703
7.5,336.1625,188.566563525032,-213.185704780595
7.5,337.65875,187.635322113698,-211.19537446995
7.5,339.155,186.70635382297,-209.21586867502
7.5,340.65125,185.779484245008,-207.247255264736
7.5,342.1475,184.854554474719,-205.289577607991
7.5,343.64375,183.931421343766,-203.342857918286
7.5,345.14,183.009957354386,-201.407100297743
7.5,346.63625,182.090050374228,-199.482293483111
7.5,348.1325,181.17160314579,-197.568413302908
7.5,349.62875,180.254532656601,-195.665424859489
7.5,351.125,179.338769409347,-193.773284453024
7.5,352.62125,178.424256624724,-191.891941266254
7.5,354.1175,177.510949404075,-190.021338829882
7.5,355.61375,176.598813873768,-188.16141628866
7.5,357.11,175.687826328856,-186.312109487847
7.5,358.60625,174.777972389723,-184.473351899005
7.5,360.1025,173.869246182213,-182.645075402997
7.5,361.59875,172.961649549009,-180.827210946907
7.5,363.095,172.055191297772,-179.019689090247
7.5,364.59125,171.149886489722,-177.22244045449
7.5,366.0875,170.245755770847,-175.435396088652
7.5,367.58375,169.342824746724,-173.658487762322
7.5,369.08,168.441123401013,-171.891648196357
7.5,370.57625,167.540685556978,-170.134811240277
7.5,372.0725,166.641548380824,-168.387912004351
7.5,373.56875,165.743751925252,-166.650886953407
7.5,375.065,164.847338711389,-164.923673968486
7.5,376.56125,163.952353347005,-163.206212381703
7.5,378.0575,163.058842178913,-161.498442988955
7.5,379.55375,162.166852977316,-159.800308044457
7.5,381.05,161.276434649952,-158.111751240592
7.5,382.54625,160.387636983853,-156.432717675988
7.5,384.0425,159.500510412659,-154.763153814376
7.5,385.53875,158.615105807475,-153.103007436347
7.5,387.035,157.731474289372,-151.452227585829
7.5,388.53125,156.849667061726,-149.810764512807
7.5,390.0275,155.969735260715,-148.178569613561
7.5,391.52375,155.091729822384,-146.555595369482
7.5,393.02,154.215701364812,-144.941795285339
7.5,394.51625,153.34170008402,-143.33712382772
7.5,396.0125,152.469775662345,-141.741536364228
7.5,397.50875,151.59997718814,-140.154989103884
7.5,399.005,150.73235308571,-138.577439039132
7.5,400.50125,149.866951054516,-137.008843889703
7.5,401.9975,149.003818016743,-135.449162048563
7.5,403.49375,148.143000072421,-133.898352530108
7.5,404.99,147.284542461331,-132.356374920691
7.5,406.48625,146.428489531043,-130.823189331571
7.5,407.9825,145.574884710435,-129.298756354293
7.5,409.47875,144.723770488146,-127.783037018511
7.5,410.975,143.875188395452,-126.275992752238
7.5,412.47125,143.029178993085,-124.777585344475
7.5,413.9675,142.185781861597,-123.287776910178
7.5,415.46375,141.345035594857,-121.806529857484
7.5,416.96,140.50697779637,-120.333806857149
7.5,418.45625,139.671645078079,-118.869570814083
7.5,419.9525,138.839073061381,-117.413784840936
7.5,421.44875,138.0092963801,-115.966412233628
7.5,422.945,137.182348685188,-114.527416448729
7.5,424.44125,136.358262650942,-113.096761082629
7.5,425.9375,135.537069982564,-111.674409852376
7.5,427.43375,134.718801424879,-110.260326578124
7.5,428.93,133.90348677207,-108.854475167082
7.5,430.42625,133.091154878296,-107.4568195989
7.5,431.9225,132.281833669065,-106.067323912396
7.5,433.41875,131.475550153254,-104.685952193559
7.5,434.915,130.672330435681,-103.312668564738
7.5,436.41125,129.872199730142,-101.947437174954
7.5,437.9075,129.075182372826,-100.590222191268
7.5,439.40375,128.281301836045,-99.2409877911236
7.5,440.9,127.490580742218,-97.899698155617
7.5,442.39625,126.703040878046,-96.566317463624
7.5,443.8925,125.918703208827,-95.2408098867287
7.5,445.38875,125.137587892883,-93.9231395849003
7.5,446.885,124.359714296035,-92.6132707028638
7.5,448.38125,123.58510100611,-91.311167367117
7.5,449.8775,122.813765847438,-90.016793683547
7.5,451.37375,122.045725895324,-88.7301137356018
7.5,452.87,121.280997490453,-87.4510915829752
7.5,454.36625,120.519596253223,-86.179691260767
7.5,455.8625,119.761537097981,-84.9158767790803
7.5,457.35875,119.006834247142,-83.6596121230222
7.5,458.855,118.255501245188,-82.4108612530747
7.5,460.35125,117.507550972522,-81.1695881058047
7.5,461.8475,116.762995659175,-79.9357565948861
7.5,463.34375,116.021846898356,-78.7093306124036
7.5,464.84,115.284115659832,-77.4902740304169
7.5,466.33625,114.549812303146,-76.278550702758
7.5,467.8325,113.818946590645,-75.0741244670414
7.5,469.32875,113.091527700336,-73.8769591468656
7.5,470.825,112.367564238556,-72.687018554187
7.5,472.32125,111.647064252453,-71.5042664918462
7.5,473.8175,110.930035242278,-70.3286667562321
7.5,475.31375,110.216484173492,-69.1601831400671
7.5,476.81,109.506417488678,-67.9987794352966
7.5,478.30625,108.79984111926,-66.8444194360721
7.5,479.8025,108.096760497042,-65.6970669418134
7.5,481.29875,107.397180565545,-64.5566857603371
7.5,482.795,106.70110579116,-63.4232397110424
7.5,484.29125,106.008540174121,-62.2966926281425
7.5,485.7875,105.319487259278,-61.1770083639312
7.5,487.28375,104.633950146698,-60.0641507920783
7.5,488.78,103.951931502076,-58.9580838109429
7.5,490.27625,103.273433566973,-57.8587713468994
7.5,491.7725,102.598458168867,-56.7661773576662
7.5,493.26875,101.927006731038,-55.6802658356345
7.5,494.765,101.259080282274,-54.6010008111871
7.5,496.26125,100.594679466409,-53.5283463560043
7.5,497.7575,99.9338045516902,-52.4622665863522
7.5,499.25375,99.2764554399858,-51.402725666347
7.5,500.75,98.6226316758248,-50.3496878111908
7.5,502.24625,97.9723324552798,-49.3031172903783
7.5,503.7425,97.3255566346933,-48.2629784308671
7.5,505.23875,96.682302739248,-47.2292356202109
7.5,506.735,96.0425689713884,-46.2018533096507
7.5,508.23125,95.4063532190922,-45.1807960171648
7.5,509.7275,94.7736530639966,-44.1660283304705
7.5,511.22375,94.1444657893821,-43.1575149099788
7.5,512.72,93.5187883880161,-42.1552204917016
7.5,514.21625,92.8966175698597,-41.1591098901042
7.5,515.7125,92.2779497696397,-40.1691480009077
7.5,517.20875,91.6627811542886,-39.185299803837
7.5,518.705,91.0511076302567,-38.2075303653126
7.5,520.20125,90.4429248506974,-37.2358048410895
7.5,521.6975,89.8382282225285,-36.270088478836
7.5,523.19375,89.2370129133731,-35.3103466206588
7.5,524.69,88.6392738583829,-34.3565447055702
7.5,526.18625,88.0450057669437,-33.4086482718944
7.5,527.6825,87.4542031292704,-32.4666229596209
7.5,529.17875,86.8668602228893,-31.5304345126962
7.5,530.675,86.2829711190138,-30.6000487812597
7.5,532.17125,85.7025296888132,-29.6754317238212
7.5,533.6675,85.1255296095797,-28.7565494093808
7.5,535.16375,84.551964370793,-27.8433680194919
7.5,536.66,83.9818272800887,-26.9358538502688
7.5,538.15625,83.4151114691288,-26.033973314335
7.5,539.6525,82.8518098993796,-25.1376929427189
7.5,541.14875,82.291915367798,-24.2469793866934
7.5,542.645,81.7354205124292,-23.3617994195608
7.5,544.14125,81.1823178179167,-22.4821199383832
7.5,545.6375,80.6325996209293,-21.6079079656634
7.5,547.13375,80.0862581155043,-20.7391306509701
7.5,548.63,79.5432853583116,-19.8757552725137
7.5,550.12625,79.00367327384,-19.0177492386718
7.5,551.6225,78.4674136595068,-18.1650800894656
7.5,553.11875,77.9344981906955,-17.3177154979881
7.5,554.615,77.4049184257202,-16.4756232717844
7.5,556.11125,76.8786658107225,-15.6387713541872
7.5,557.6075,76.3557316845,-14.8071278256064
7.5,559.10375,75.8361072832701,-13.980660904776
7.5,560.6,75.3197837453711,-13.1593389499561
7.5,562.09625,74.8067521159018,-12.3431304600977
7.5,563.5925,74.297003351303,-11.5320040759621
7.5,565.08875,73.7905283238813,-10.725928581207
7.5,566.585,73.287317826279,-9.92487290342951
7.5,568.08125,72.7873625758909,-9.12880611517852
7.5,569.5775,72.2906532192304,-8.33769743492749
7.5,571.07375,71.7971803362471,-7.55151622801681
7.5,572.57,71.3069344445985,-6.77023200756321
7.5,574.06625,70.8199060038753,-5.99381443533809
7.5,575.5625,70.3360854197874,-5.22223332261856
7.5,577.05875,69.8554630483057,-4.45545863100775
7.5,578.555,69.378029199769,-3.69346047323295
7.5,580.05125,68.9037741429525,-2.93620911391606
7.5,581.5475,68.4326881091031,-2.18367497032405
7.5,583.04375,67.9647612959422,-1.43582861309541
7.5,584.54,67.4999838716384,-0.692640766949578
7.5,586.03625,67.038345978753,0.0459176886229317
7.5,587.5325,66.5798377381595,0.77987571868496
7.5,589.02875,66.1244492529382,1.50926213219402
7.5,590.525,65.6721706122521,2.23410558135097
7.5,592.02125,65.2229918952012,2.95443456096479
7.5,593.5175,64.7769031746603,3.67027740782241
7.5,595.01375,64.333894521103,4.38166230006405
7.5,596.51,63.8939560064122,5.08861725656665
7.5,598.00625,63.4570777076809,5.79117013632524
7.5,599.5025,63.0232497110048,6.48934863783745
7.5,600.99875,62.592462115269,7.18318029848455
7.5,602.495,62.164705035933,7.87269249390674
7.5,603.99125,61.7399686088134,8.55791243737305
7.5,605.4875,61.3182429938689,9.23886717914083
7.5,606.98375,60.8995183789897,9.9155836058034
7.5,608.48,60.4837849837938,10.5880884396207
7.5,609.97625,60.0710330634318,11.2564082378365
7.5,611.4725,59.6612529124049,11.9205693919694
7.5,612.96875,59.2544348683966,12.5805981270855
7.5,614.465,58.8505693161224,13.2365205010389
7.5,615.96125,58.4496466911994,13.888362403687
7.5,617.4575,58.0516574840387,14.5361495560685
7.5,618.95375,57.656592243765,15.1799075095444
7.5,620.45,57.2644415821625,15.8196616449007
7.5,621.94625,56.8751961776552,16.4554371714026
7.5,623.4425,56.488846779321,17.0872591258026
7.5,624.93875,56.1053842109437,17.7151523712919
7.5,626.435,55.724799375106,18.3391415963977
7.5,627.93125,55.3470832573286,18.959251313814
7.5,629.4275,54.9722269302548,19.5755058591667
7.5,630.92375,54.6002215578878,20.1879293897059
7.5,632.42,54.2310583998819,20.796545882919
7.5,633.91625,53.8647288158924,21.401379135059
7.5,635.4125,53.5012242699866,22.0024527595833
7.5,636.90875,53.1405363351209,22.5997901854957
7.5,638.405,52.7826566976858,23.1934146555836
7.5,639.90125,52.4275771621249,23.7833492245458
7.5,641.3975,52.0752896556307,24.369616757
7.5,642.89375,51.7257862329188,24.9522399253672
7.5,644.39,51.3790590810903,25.531241207617
7.5,645.88625,51.0351005245796,26.1066428848718
7.5,647.3825,50.6939030301961,26.6784670388594
7.5,648.87875,50.3554592122633,27.2467355491978
7.5,650.375,50.0197618378571,27.811470090511
7.5,651.87125,49.6868038321511,28.3726921293572
7.5,653.3675,49.3565782838699,28.9304229209615
7.5,654.86375,49.0290784508562,29.4846835057395
7.5,656.36,48.7042977657568,30.0354947055964
7.5,657.85625,48.3822298418279,30.5828771199946
7.5,659.3525,48.0628684788695,31.1268511217631
7.5,660.84875,47.7462076692885,31.6674368526463
7.5,662.345,47.4322416042956,32.2046542185638
7.5,663.84125,47.1209646802427,32.7385228845701
7.5,665.3375,46.8123715050992,33.269062269495
7.5,666.83375,46.5064569050778,33.7962915402408
7.5,668.33,46.2032159314061,34.3202296057199
7.5,669.82625,45.9026438672541,34.8408951104034
7.5,671.3225,45.6047362348142,35.3583064274665
7.5,672.81875,45.3094888025428,35.8724816514956
7.5,674.315,45.0168975925599,36.3834385907337
7.5,675.81125,44.7269588882129,36.8911947588379
7.5,677.3075,44.4396692418041,37.3957673661132
7.5,678.80375,44.1550254824829,37.8971733101949
7.5,680.3,43.8730247243023,38.3954291661393
7.5,681.79625,43.593664374442,38.8905511758925
7.5,683.2925,43.3169421415908,39.3825552370925
7.5,684.78875,43.0428560444935,39.871456891165
7.5,686.285,42.7714044206505,40.3572713106704
7.5,687.78125,42.5025859351727,40.8400132858487
7.5,689.2775,42.2363995897784,41.3196972103237
7.5,690.77375,41.9728447319305,41.7963370658971
7.5,692.27,41.711921064099,42.2699464063921
7.5,693.76625,41.4536286531398,42.740538340474
7.5,695.2625,41.1979679397743,43.2081255133906
7.5,696.75875,40.9449397481523,43.6727200875627
7.5,698.255,40.69454529548,44.1343337219495
7.5,699.75125,40.4467862016871,44.5929775501176
7.5,701.2475,40.201664499108,45.0486621569258
7.5,702.74375,39.9591826421451,45.5013975537455
7.5,704.24,39.7193435168781,45.9511931521193
7.5,705.73625,39.4821504505773,46.3980577357636
7.5,707.2325,39.2476072210762,46.841999430812
7.5,708.72875,39.0157180659469,47.2830256741857
7.5,710.225,38.7864876914191,47.7211431799838
7.5,711.72125,38.5599212809742,48.1563579037609
7.5,713.2175,38.3360245035341,48.5886750045716
7.5,714.71375,38.1148035211608,49.0180988046357
7.5,716.21,37.8962649961631,49.4446327464906
7.5,717.70625,37.6804160975011,49.8682793474694
7.5,719.2025,37.4672645063654,50.2890401513493
7.5,720.69875,37.256818420785,50.706915677003
7.5,722.195,37.0490865591123,51.1219053638736
7.5,723.69125,36.8440781622043,51.5340075140909
7.5,725.1875,36.641802994106,51.9432192310352
7.5,726.68375,36.442271341014,52.3495363541492
7.5,728.18,36.2454940082765,52.7529533897855
7.5,729.67625,36.0514823151542,53.1534634378783
7.5,731.1725,35.8602480870392,53.5510581142123
7.5,732.66875,35.6718036447903,53.9457274680618
7.5,734.165,35.486161790812,54.3374598949646
7.5,735.66125,35.3033357914549,54.72624204439
7.5,737.1575,35.123339355274,55.1120587220666
7.5,738.65375,34.9461866066344,55.4948927867221
7.5,740.15,34.7718920540883,55.8747250410018
7.5,741.64625,34.6004705528992,56.2515341163299
7.5,743.1425,34.4319372610143,56.6252963514938
7.5,744.63875,34.2663075877165,56.9959856647368
7.5,746.135,34.1035971341124,57.3635734191705
7.5,747.63125,33.943821624521,57.7280282813428
7.5,749.1275,33.7869968277385,58.0893160728276
7.5,750.62375,33.6331384670564,58.4473996147429
7.5,752.12,33.4822621177995,58.8022385651634
7.5,753.61625,33.3343830910311,59.1537892494461
7.5,755.1125,33.1895163019592,59.5020044835798
7.5,756.60875,33.047676121431,59.8468333907509
7.5,758.105,32.9088762087774,60.1882212114366
7.5,759.60125,32.7731293241112,60.5261091074741
7.5,761.0975,32.6404471180341,60.8604339607105
7.5,762.59375,32.5108398965496,61.1911281670225
7.5,764.09,32.3843163588124,61.5181194267232
7.5,765.58625,32.2608833051833,61.8413305326268
7.5,767.0825,32.1405453128986,62.1606791573258
7.5,768.57875,32.0233043764963,62.4760776416077
7.5,770.075,31.9091595100093,62.787432786296
7.5,771.57125,31.7981063077861,63.094645650284
7.5,773.0675,31.6901364607081,63.3976113580144
7.5,774.56375,31.5852372244843,63.6962189202612
7.5,776.06,31.4833908366747,63.9903510727121
7.5,777.55625,31.3845738791215,64.279884137576
7.5,779.0525,31.28875658255,64.564687914276
7.5,780.54875,31.1959020702951,64.844625606162
7.5,782.045,31.1059655383914,65.1195537911886
7.5,783.54125,31.0188933697039,65.3893224455538
7.5,785.0375,30.9346221803534,65.65377503047
7.5,786.53375,30.8530777974764,65.9127486534544
7.5,788.03,30.7741741683701,66.1660743168074
7.5,789.52625,30.697812202334,66.4135772672968
7.5,791.0225,30.6238785481056,66.655077462366
7.5,792.51875,30.552244311694,66.8903901695277
7.5,794.015,30.4827637217252,67.1193267168094
7.5,795.51125,30.415272752139,67.3416954132158
7.5,797.0075,30.3495877152715,67.5573026590253
7.5,798.50375,30.2855038420222,67.7659542663072
7.5,800,30.2227938700021,67.9674570101395
10,201.5,200.206752342591,-311.025289247094
10,202.99625,201.807500578529,-313.157923131377
10,204.4925,203.356551031389,-315.163144291075
10,205.98875,204.854084901225,-317.041276446758
10,207.485,206.300280788046,-318.792838605107
10,208.98125,207.695316264377,-320.418537651658
10,210.4775,209.039369581918,-321.919260575165
10,211.97375,210.332621479601,-323.296066371751
10,213.47,211.575257061205,-324.55017767669
10,214.96625,212.767467711904,-325.682972171114
10,216.4625,213.909453024635,-326.695973810018
10,217.95875,215.001422708944,-327.590843916917
10,219.455,216.043598456985,-328.369372189122
10,220.95125,217.036215743513,-329.033467656112
10,222.4475,217.979525539025,-329.585149631698
10,223.94375,218.873795917614,-330.026538698841
10,225.44,219.71931354354,-330.35984776385
10,226.93625,220.516385023019,-330.587373214569
10,228.4325,221.26533811015,-330.71148621481
10,229.92875,221.966522758325,-330.734624164952
10,231.425,222.620312010781,-330.659282356125
10,232.92125,223.227102726165,-330.488005842949
10,234.4175,223.787316137092,-330.223381557247
10,235.91375,224.301398241625,-329.868030682643
10,237.41,224.769820029399,-329.424601307446
10,238.90625,225.193077545783,-328.895761370759
10,240.4025,225.571691798903,-328.284191914327
10,241.89875,225.906208515666,-327.592580650283
10,243.395,226.197197754067,-326.823615852704
10,244.89125,226.445253379959,-325.979980578676
10,246.3875,226.650992417312,-325.064347222561
10,247.88375,226.815054281545,-324.079372405124
10,249.38,226.93809990603,-323.027692197422
10,250.87625,227.020810772156,-321.911917677599
10,252.3725,227.063887853523,-320.734630817193
10,253.86875,227.06805048492,-319.498380692095
10,255.365,227.034035166652,-318.205680012009
10,256.86125,226.962594314643,-316.859001961106
10,258.3575,226.854494966489,-315.460777341505
10,259.85375,226.710517453299,-314.013392010334
10,261.35,226.531454046785,-312.519184600328
10,262.84625,226.318107590588,-310.980444513293
10,264.3425,226.071290124349,-309.399410175198
10,265.83875,225.791821508491,-307.778267541267
10,267.335,225.480528057131,-306.119148839097
10,268.83125,225.138241185941,-304.424131537622
10,270.3275,224.765796081218,-302.695237529624
10,271.82375,224.364030395822,-300.934432515413
10,273.32,223.933782977044,-299.143625575383
10,274.81625,223.475892630909,-297.324668919209
10,276.3125,222.991196926852,-295.479357799627
10,277.80875,222.480531046137,-293.609430578986
10,279.305,221.944726676912,-291.716568936997
10,280.80125,221.384610958241,-289.802398208422
10,282.2975,220.801005475022,-287.868487839817
10,283.79375,220.194725305248,-285.916351954795
10,285.29,219.566578120622,-283.947450017691
10,286.78625,218.917363341205,-281.963187585918
10,288.2825,218.247871344373,-279.964917141772
10,289.77875,217.558882728064,-277.953938994841
10,291.275,216.851167627994,-275.931502246676
10,292.77125,216.125485088241,-273.898805809798
10,294.2675,215.382582484393,-271.856999473594
10,295.76375,214.623194998203,-269.807185010093
10,297.26,213.848045142551,-267.750417313058
10,298.75625,213.057842335336,-265.687705564275
10,300.2525,212.253282520771,-263.620014421339
10,301.74875,211.43504783648,-261.548265221641
10,303.245,210.603806324667,-259.473337197688
10,304.74125,209.760211685577,-257.396068699248
10,306.2375,208.904903071405,-255.317258418182
10,307.73375,208.038504918762,-253.237666612223
10,309.23,207.161626817807,-251.158016324225
10,310.72625,206.274863416112,-249.078994593808
10,312.2225,205.378794355361,-247.001253658573
10,313.71875,204.473984238957,-244.925412142381
10,315.215,203.560982628673,-242.852056228441
10,316.71125,202.640324068483,-240.781740815226
10,318.2075,201.71252813376,-238.71499065347
10,319.70375,200.778099504058,-236.652301462718
10,321.2,199.837528057772,-234.594141026103
10,322.69625,198.891288986981,-232.540950262257
10,324.1925,197.939842930868,-230.49314427337
10,325.68875,196.983636126163,-228.451113368673
10,327.185,196.023100573104,-226.415224062668
10,328.68125,195.058654215488,-224.385820047675
10,330.1775,194.090701133441,-222.363223140291
10,331.67375,193.119631747605,-220.347734201569
10,333.17,192.1458230335,-218.339634030761
10,334.66625,191.169638744878,-216.339184232591
10,336.1625,190.191429644976,-214.346628058134
10,337.65875,189.211533744594,-212.362191219408
10,339.155,188.230276546036,-210.386082677897
10,340.65125,187.247971291963,-208.418495407263
10,342.1475,186.264919218306,-206.459607130576
10,343.64375,185.281409810422,-204.509581032415
10,345.14,184.297721061738,-202.568566446267
10,346.63625,183.314119734174,-200.636699517662
10,348.1325,182.330861619704,-198.714103843522
10,349.62875,181.34819180244,-196.800891088238
10,351.125,180.366344920701,-194.897161576991
10,352.62125,179.38554542853,-193.003004866862
10,354.1175,178.406007856225,-191.118500296305
10,355.61375,177.427937069423,-189.243717513527
10,357.11,176.451528526382,-187.378716984374
10,358.60625,175.476968533078,-185.523550480297
10,360.1025,174.504434495827,-183.678261546972
10,361.59875,173.534095171136,-181.842885954176
10,363.095,172.566110912525,-180.017452127483
10,364.59125,171.60063391411,-178.201981562374
10,366.0875,170.637808450741,-176.396489221318
10,367.58375,169.677771114521,-174.6009839144
10,369.08,168.720651047568,-172.81546866405
10,370.57625,167.766570170888,-171.039941054419
10,372.0725,166.815643409254,-169.274393565948
10,373.56875,165.867978912012,-167.51881389564
10,375.065,164.923678269731,-165.773185263572
10,376.56125,163.98283672667,-164.037486706132
10,378.0575,163.045543388997,-162.311693356484
10,379.55375,162.111881428764,-160.595776712729
10,381.05,161.181928283607,-158.88970489423
10,382.54625,160.255755852184,-157.193442886555
10,384.0425,159.333430685368,-155.506952775466
10,385.53875,158.415014173197,-153.830193970386
10,387.035,157.500562727643,-152.163123417749
10,388.53125,156.5901279612,-150.505695804623
10,390.0275,155.683756861378,-148.857863752998
10,391.52375,154.781491961119,-147.219578005102
10,393.02,153.883371505211,-145.590787600094
10,394.51625,152.989429612766,-143.971440042488
10,396.0125,152.099696435811,-142.361481462617
10,397.50875,151.214198314073,-140.760856769476
10,399.005,150.332957926036,-139.169509796224
10,400.50125,149.45599443633,-137.587383438651
10,401.9975,148.583323639542,-136.014419786875
10,403.49375,147.714958100521,-134.450560250549
10,404.99,146.850907291259,-132.895745677823
10,406.48625,145.991177724429,-131.349916468301
10,407.9825,145.13577308366,-129.813012680244
10,409.47875,144.284694350625,-128.284974132215
10,410.975,143.437939929031,-126.765740499396
10,412.47125,142.595505765583,-125.255251404782
10,413.9675,141.757385468005,-123.753446505423
10,415.46375,140.92357042019,-122.260265573917
10,416.96,140.094049894561,-120.775648575323
10,418.45625,139.268811161716,-119.299535739657
10,419.9525,138.447839597419,-117.831867630128
10,421.44875,137.631118787028,-116.372585207267
10,422.945,136.818630627401,-114.921629889092
10,424.44125,136.010355426375,-113.478943607437
10,425.9375,135.206271999855,-112.044468860582
10,427.43375,134.406357766587,-110.618148762304
10,428.93,133.610588840674,-109.199927087455
10,430.42625,132.818940121882,-107.789748314191
10,431.9225,132.031385383791,-106.387557662949
10,433.41875,131.247897359848,-104.993301132267
10,434.915,130.468447827352,-103.606925531555
10,436.41125,129.693007689432,-102.228378510888
10,437.9075,128.921547055039,-100.857608587924
10,439.40375,128.154035317011,-99.49456517202
10,440.9,127.390441228222,-98.1391985856222
10,442.39625,126.630732975863,-96.7914600830124
10,443.8925,125.874878253876,-95.451301866476
10,445.38875,125.122844333563,-94.1186770999656
10,446.885,124.374598132397,-92.7935399203218
10,448.38125,123.630106281053,-91.4758454461207
10,449.8775,122.889335188673,-90.1655497842065
10,451.37375,122.152251106378,-88.8626100339744
10,452.87,121.418820189041,-87.5669842894582
10,454.36625,120.689008555328,-86.2786316392866
10,455.8625,119.962782346008,-84.9975121645609
10,457.35875,119.240107780549,-83.7235869347145
10,458.855,118.520951211976,-82.456818001409
10,460.35125,117.805279180024,-81.1971683905224
10,461.8475,117.093058462553,-79.9446020922875
10,463.34375,116.384256125234,-78.6990840496341
10,464.84,115.678839569509,-77.4605801447951
10,466.33625,114.976776578792,-76.2290571842288
10,467.8325,114.278035362931,-75.004482881919
10,469.32875,113.582584600903,-73.7868258411094
10,470.825,112.890393481735,-72.5760555345307
10,472.32125,112.201431743645,-71.3721422831824
10,473.8175,111.515669711384,-70.1750572337294
10,475.31375,110.833078331777,-68.9847723345742
10,476.81,110.153629207439,-67.8012603106724
10,478.30625,109.477294628662,-66.6244946371497
10,479.8025,108.80404760346,-65.4544495117936
10,481.29875,108.133861885765,-64.2910998264813
10,482.795,107.46671200175,-63.1344211376146
10,484.29125,106.802573274289,-61.9843896356328
10,485.7875,106.141421845531,-60.840982113671
10,487.28375,105.48323469759,-59.704175935441
10,488.78,104.82798967134,-58.5739490024023
10,490.27625,104.175665483317,-57.4502797203033
10,491.7725,103.526241740723,-56.3331469651639
10,493.26875,102.879698954531,-55.2225300487775
10,494.765,102.236018550701,-54.1184086838093
10,496.26125,101.595182879506,-53.0207629485679
10,497.7575,100.957175222975,-51.9295732515295
10,499.25375,100.321979800466,-50.8448202956906
10,500.75,99.6895817723862,-49.7664850428313
10,502.24625,99.0599672420668,-48.694548677764
10,503.7425,98.433123255816,-47.6289925726496
10,505.23875,97.8090378011716,-46.5697982514551
10,506.735,97.1876998033795,-45.5169473546343
10,508.23125,96.5690991201231,-44.4704216041052
10,509.7275,95.9532265345366,-43.4302027686011
10,511.22375,95.3400737465363,-42.396272629469
10,512.72,94.7296333625073,-41.3686129469914
10,514.21625,94.1218988833855,-40.3472054272981
10,515.7125,93.5168646911789,-39.3320316899432
10,517.20875,92.9145260339746,-38.3230732362111
10,518.705,92.3148790094803,-37.3203114182204
10,520.20125,91.7179205471538,-36.3237274088861
10,521.6975,91.1236483889736,-35.3333021728034
10,523.19375,90.5320610689094,-34.34901643811
10,524.69,89.9431578911531,-33.3708506693822
10,526.18625,89.3569389071692,-32.3987850416172
10,527.6825,88.7734048916333,-31.4327994153508
10,529.17875,88.1925573173226,-30.4728733129555
10,530.675,87.6143983290263,-29.5189858961619
10,532.17125,87.0389307165472,-28.5711159448411
10,533.6675,86.4661578868643,-27.6292418370849
10,535.16375,85.8960838355292,-26.6933415306123
10,536.66,85.3287131173705,-25.7633925455323
10,538.15625,84.7640508165782,-24.8393719484847
10,539.6525,84.2021025162453,-23.9212563381794
10,541.14875,83.6428742674394,-23.0090218323494
10,542.645,83.0863725578804,-22.1026440561313
10,544.14125,82.5326042802995,-21.2020981318758
10,545.6375,81.9815767005525,-20.3073586703991
10,547.13375,81.433297425564,-19.4183997636706
10,548.63,80.8877743711724,-18.535194978933
10,550.12625,80.3450157299508,-17.6577173542516
10,551.6225,79.8050299390728,-16.7859393954755
10,553.11875,79.2678256482941,-15.9198330746022
10,554.615,78.7334116881166,-15.0593698295229
10,556.11125,78.2017970382015,-14.2045205651289
10,557.6075,77.6729907960966,-13.3552556557552
10,559.10375,77.1470021463383,-12.5115449489322
10,560.6,76.6238403299886,-11.6733577704153
10,562.09625,76.103514614665,-10.8406629304604
10,563.5925,75.5860342651175,-10.0134287313087
10,565.08875,75.0714085144047,-9.19162297584062
10,566.585,74.5596465357184,-8.37521297736335
10,568.08125,74.0507574149041,-7.56416557048502
10,569.5775,73.5447501237194,-6.75844712303391
10,571.07375,73.0416334938717,-5.95802354897591
10,572.57,72.541416191873,-5.16286032228474
10,574.06625,72.0441066947453,-4.37292249171369
10,575.5625,71.5497132666093,-3.588174696423
10,577.05875,71.058243936182,-2.80858118241027
10,578.555,70.5697064752119,-2.0341058196935
10,580.05125,70.0841083778703,-1.26471212019757
10,581.5475,69.6014568411196,-0.500363256289502
10,583.04375,69.1217587460744,0.258977920086969
10,584.54,68.6450206403664,1.01334885772786
10,586.03625,68.1712487215258,1.76278728599107
10,587.5325,67.7004488213838,2.50733119417091
10,589.02875,67.2326263915012,3.24701881047781
10,590.525,66.7677864896261,3.98188858067154
10,592.02125,66.3059337671767,4.71197914639512
10,593.5175,65.8470724577483,5.43732932325953
10,595.01375,65.3912063666366,6.15797807872334
10,596.51,64.9383388613703,6.87396450981119
10,598.00625,64.4884728632415,7.5853278207185
10,599.5025,64.041610839822,8.29210730033957
10,600.99875,63.5977547984496,8.99434229976446
10,602.495,63.1569062806704,9.69207220977826
10,603.99125,62.7190663576167,10.3853364384044
10,605.4875,62.2842356263012,11.0741743885248
10,606.98375,61.8524142068084,11.7586254356109
10,608.48,61.4236017403573,12.4387289055956
10,609.97625,60.9977973882149,13.1145240529196
10,611.4725,60.5749998314344,13.7860500387748
10,612.96875,60.1552072713912,14.4533459095733
10,614.465,59.7384174310931,15.1164505756668
10,615.96125,59.3246275572355,15.7754027903316
10,617.4575,58.9138344229725,16.4302411290486
10,618.95375,58.5060343313798,17.0810039690858
10,620.45,58.1012231195762,17.7277294694057
10,621.94625,57.6993961634776,18.3704555509075
10,623.4425,57.3005483831535,19.0092198770167
10,624.93875,56.9046742487573,19.6440598346315
10,626.435,56.5117677870002,20.2750125154328
10,627.93125,56.1218225881408,20.9021146975639
10,629.4275,55.7348318134622,21.5254028276834
10,630.92375,55.3507882032059,22.144913003393
10,632.42,54.9696840849366,22.7606809560405
10,633.91625,54.5915113823094,23.3727420338942
10,635.4125,54.2162616242116,23.9811311856882
10,636.90875,53.843925954254,24.5858829445292
10,638.405,53.4744951405843,25.1870314121627
10,639.90125,53.1079595859976,25.7846102435837
10,641.3975,52.7443093383204,26.3786526319864
10,642.89375,52.3835341010433,26.9691912940384
10,644.39,52.0256232441791,27.556258455467
10,645.88625,51.6705658153256,28.1398858369394
10,647.3825,51.3183505509108,28.7201046402249
10,648.87875,50.9689658875996,29.2969455346165
10,650.375,50.6223999738443,29.8704386435939
10,651.87125,50.278640681559,30.4406135317071
10,653.3675,49.937675617901,31.007499191656
10,654.86375,49.5994921371426,31.5711240315439
10,656.36,49.2640773526184,32.1315158622781
10,657.85625,48.9314181487325,32.6887018850896
10,659.3525,48.6015011930135,33.2427086791454
10,660.84875,48.2743129482044,33.7935621892213
10,662.345,47.9498396843765,34.3412877134031
10,663.84125,47.6280674910565,34.8859098907853
10,665.3375,47.3089822893582,35.4274526891293
10,666.83375,46.9925698441116,35.9659393924469
10,668.33,46.6788157759804,36.5013925884684
10,669.82625,46.367705573565,37.0338341559574
10,671.3225,46.0592246054833,37.5632852518278
10,672.81875,45.7533581324288,38.0897662980207
10,674.315,45.4500913192014,38.6132969680921
10,675.81125,45.1494092467107,39.1338961734682
10,677.3075,44.8512969239513,39.6515820493102
10,678.80375,44.5557392999525,40.16637193994
10,680.3,44.2627212757025,40.6782823837701
10,681.79625,43.9722277160531,41.1873290976762
10,683.2925,43.6842434616079,41.6935269607517
10,684.78875,43.3987533406022,42.1968899973795
10,686.285,43.1157421807791,42.6974313595482
10,687.78125,42.8351948212742,43.1951633083445
10,689.2775,42.5570961245164,43.6900971945392
10,690.77375,42.2814309881583,44.1822434381886
10,692.27,42.0081843570485,44.6716115071619
10,693.76625,41.7373412352615,45.1582098945029
10,695.2625,41.4688866982017,45.6420460945292
10,696.75875,41.2028059047998,46.123126577561
10,698.255,40.9390841098218,46.6014567631707
10,699.75125,40.6777066763142,47.077040991834
10,701.2475,40.418659088208,47.549882494852
10,702.74375,40.1619269631106,48.0199833624144
10,704.24,39.9074960653134,48.4873445096491
10,705.73625,39.6553523190479,48.9519656405105
10,707.2325,39.4054818220248,49.4138452093312
10,708.72875,39.1578708592954,49.8729803798596
10,710.225,38.9125059174743,50.3293669815868
10,711.72125,38.6693736993718,50.7829994631538
10,713.2175,38.4284611390826,51.233870842609
10,714.71375,38.1897554175855,51.6819726542747
10,716.21,37.9532439789124,52.127294891952
10,717.70625,37.7189145469506,52.5698259481804
10,719.2025,37.4867551429476,53.009552549236
10,720.69875,37.2567541037934,53.4464596855319
10,722.195,37.0289001011662,53.880530537049
10,723.69125,36.8031821616283,54.3117463933984
10,725.1875,36.5795896877756,54.7400865680743
10,726.68375,36.3581124805468,55.1655283064228
10,728.18,36.1387407628138,55.5880466868021
10,729.67625,35.9214652043842,56.0076145143631
10,731.1725,35.7062769485601,56.4242022068299
10,732.66875,35.493167640415,56.8377776715862
10,734.165,35.2821294569606,57.2483061733248
10,735.66125,35.0731551394035,57.6557501914256
10,737.1575,34.8662380277009,58.0600692661582
10,738.65375,34.6613720976582,58.461219832702
10,740.15,34.4585520008298,58.8591550418831
10,741.64625,34.2577731075186,59.2538245664027
10,743.1425,34.0590315531988,59.6451743912085
10,744.63875,33.8623242887283,60.0331465865137
10,746.135,33.6676491347546,60.4176790618029
10,747.63125,33.4750048407708,60.798705298986
10,749.1275,33.2843911493269,61.176154062649
10,750.62375,33.0958088659705,61.5499490851207
10,752.12,32.9092599355552,61.920008723811
10,753.61625,32.7247475256378,62.2862455879782
10,755.1125,32.5422761177793,62.6485661317426
10,756.60875,32.3618516076664,63.0068702097842
10,758.105,32.1834814150939,63.3610505917204
10,759.60125,32.0071746049861,63.7109924306647
10,761.0975,31.8329420207978,64.0565726808993
10,762.59375,31.6607964318172,64.3976594589382
10,764.09,31.4907526961131,64.7341113415171
10,765.58625,31.3228279411116,65.0657765931835
10,767.0825,31.1570417640853,65.3924923151713
10,768.57875,30.9934164551687,65.7140835061076
10,770.075,30.8319772459155,66.0303620237724
10,771.57125,30.6727525868736,66.341125435603
10,773.0675,30.5157744582027,66.6461557438541
10,774.56375,30.3610787179994,66.9452179692473
10,776.06,30.2087054937602,67.2380585745122
10,777.55625,30.0586996233114,67.5244037063868
10,779.0525,29.9111111526135,67.8039572312866
10,780.54875,29.7659958991289,68.0763985359246
10,782.045,29.6234160909785,68.3413800594919
10,783.54125,29.4834410939633,68.5985245184835
10,785.0375,29.3461482407542,68.8474217786781
10,786.53375,29.211623779258,69.0876253209133
10,788.03,29.0799639604495,69.3186482378901
10,789.52625,28.9512762899743,69.5399586879033
10,791.0225,28.8256809727465,69.7509747177249
10,792.51875,28.7033125858249,69.9510583502748
10,794.015,28.5843220223575,70.1395088125314
10,795.51125,28.4688787587161,70.315554754436
10,797.0075,28.3571735086102,70.4783452792275
10,798.50375,28.2494213426385,70.6269395682018
10,800,28.1458653702819,70.7602948364569
12.5,201.5,183.326903377891,-310.479156113264
12.5,202.99625,185.227519619918,-312.441931856763
12.5,204.4925,187.042278595574,-314.233404822644
12.5,205.98875,188.774015679834,-315.859936488477
12.5,207.485,190.425456939221,-317.327652300908
12.5,208.98125,191.999223579798,-318.642450586389
12.5,210.4775,193.497836152493,-319.810011119907
12.5,211.97375,194.92371852836,-320.835803367119
12.5,213.47,196.27920165564,-321.725094414847
12.5,214.96625,197.566527109882,-322.482956604512
12.5,216.4625,198.787850447789,-323.11427488269
12.5,217.95875,199.945244374955,-323.623753882599
12.5,219.455,201.040701737177,-324.015924749983
12.5,220.95125,202.076138344671,-324.295151726538
12.5,222.4475,203.053395638122,-324.465638503688
12.5,223.94375,203.974243205276,-324.531434359217
12.5,225.44,204.840381156497,-324.496440088988
12.5,226.93625,205.653442367595,-324.364413745652
12.5,228.4325,206.414994598079,-324.138976195995
12.5,229.92875,207.126542492966,-323.823616508263
12.5,231.425,207.789529476261,-323.421697180501
12.5,232.92125,208.405339544298,-322.936459220654
12.5,234.4175,208.975298967253,-322.371027088806
12.5,235.91375,209.500677907308,-321.728413511613
12.5,237.41,209.982691962185,-321.011524178555
12.5,238.90625,210.422503643042,-320.223162329205
12.5,240.4025,210.821223796066,-319.366033240217
12.5,241.89875,211.179912977463,-318.442748620148
12.5,243.395,211.499582791944,-317.455830919618
12.5,244.89125,211.781197205259,-316.407717563555
12.5,246.3875,212.025673841762,-315.300765111457
12.5,247.88375,212.233885278452,-314.137253350648
12.5,249.38,212.406660347357,-312.919389326466
12.5,250.87625,212.544785458531,-311.649311312087
12.5,252.3725,212.649005956283,-310.329092719398
12.5,253.86875,212.720027521497,-308.960745950824
12.5,255.365,212.758517633051,-307.54622619041
12.5,256.86125,212.765107101343,-306.087435130675
12.5,258.3575,212.740391686734,-304.586224629873
12.5,259.85375,212.684933815331,-303.044400292256
12.5,261.35,212.599264403844,-301.463724961812
12.5,262.84625,212.483884804323,-299.845922117759
12.5,264.3425,212.339268878265,-298.192679157825
12.5,265.83875,212.165865207923,-296.50565055316
12.5,267.335,211.964099450605,-294.786460856527
12.5,268.83125,211.734376839246,-293.036707543453
12.5,270.3275,211.477084829642,-291.257963664216
12.5,271.82375,211.19259589139,-289.451780283022
12.5,273.32,210.881270435795,-287.619688679689
12.5,274.81625,210.543459869902,-285.763202288502
12.5,276.3125,210.179509761313,-283.883818348909
12.5,277.80875,209.789763093737,-281.983019243421
12.5,279.305,209.374563588395,-280.062273499484
12.5,280.80125,208.934259061467,-278.123036434444
12.5,282.2975,208.46920478307,-276.166750425851
12.5,283.79375,207.979766798745,-274.19484479354
12.5,285.29,207.466325170499,-272.208735284914
12.5,286.78625,206.929277091078,-270.20982316081
12.5,288.2825,206.369039822757,-268.199493886068
12.5,289.77875,205.786053410473,-266.179115436284
12.5,291.275,205.180783118977,-264.150036240187
12.5,292.77125,204.553721544843,-262.113582785234
12.5,294.2675,203.905390356784,-260.071056922305
12.5,295.76375,203.236341621886,-258.023732913345
12.5,297.26,202.547158680985,-255.972854273316
12.5,298.75625,201.838456543488,-253.919630464451
12.5,300.2525,201.110881780318,-251.865233506313
12.5,301.74875,200.365111903089,-249.810794569278
12.5,303.245,199.601854227936,-247.757400621566
12.5,304.74125,198.821844233209,-245.706091200593
12.5,306.2375,198.025843431227,-243.657855378218
12.5,307.73375,197.214636785009,-241.613628986277
12.5,309.23,196.389029711109,-239.574292163729
12.5,310.72625,195.549844718821,-237.540667279911
12.5,312.2225,194.697917743991,-235.513517280053
12.5,313.71875,193.834094241918,-233.49354448951
12.5,315.215,192.959225108444,-231.481389902637
12.5,316.71125,192.074162500848,-229.477632971024
12.5,318.2075,191.179755630823,-227.482791894508
12.5,319.70375,190.276846600394,-225.497324407226
12.5,321.2,189.366266348455,-223.521629040422
12.5,322.69625,188.448830770651,-221.556046834078
12.5,324.1925,187.525337068998,-219.600863460935
12.5,325.68875,186.596560380115,-217.656311719474
12.5,327.185,185.663250722556,-215.722574346813
12.5,328.68125,184.726130294883,-213.799787098672
12.5,330.1775,183.785891146998,-211.888042041228
12.5,331.67375,182.843193238291,-209.987390999027
12.5,333.17,181.898662887541,-208.097849103893
12.5,334.66625,180.952891611518,-206.219398391837
12.5,336.1625,180.006435341999,-204.351991398187
12.5,337.65875,179.059814004658,-202.49555470527
12.5,339.155,178.113511438002,-200.649992401742
12.5,340.65125,177.167975626337,-198.815189417997
12.5,342.1475,176.223619217567,-196.991014707528
12.5,343.64375,175.280820294537,-195.177324249822
12.5,345.14,174.339923367395,-193.373963855795
12.5,346.63625,173.401240554175,-191.580771762135
12.5,348.1325,172.46505291719,-189.797581005797
12.5,349.62875,171.531611923916,-188.024221574459
12.5,351.125,170.601141002629,-186.260522332728
12.5,352.62125,169.673837165057,-184.506312727411
12.5,354.1175,168.749872670587,-182.761424278123
12.5,355.61375,167.829396709065,-181.02569186195
12.5,357.11,166.912537081808,-179.29895480281
12.5,358.60625,165.999401863051,-177.581057777612
12.5,360.1025,165.090081026634,-175.87185155235
12.5,361.59875,164.184648025216,-174.171193561886
12.5,363.095,163.283161311627,-172.478948347477
12.5,364.59125,162.385665794165,-170.794987866107
12.5,366.0875,161.492194219633,-169.119191685426
12.5,367.58375,160.602768479712,-167.451447077698
12.5,369.08,159.717400837838,-165.791649025519
12.5,370.57625,158.836095075185,-164.139700151388
12.5,372.0725,157.958847555515,-162.495510582418
12.5,373.56875,157.085648209702,-160.858997760614
12.5,375.065,156.21648144156,-159.230086208291
12.5,376.56125,155.351326957303,-157.608707257326
12.5,378.0575,154.490160521503,-155.994798750046
12.5,379.55375,153.632954642814,-154.388304718766
12.5,381.05,152.779679193052,-152.78917505013
12.5,382.54625,151.930301963404,-151.197365139682
12.5,384.0425,151.084789161657,-149.612835541381
12.5,385.53875,150.243105854407,-148.0355516161
12.5,387.035,149.405216358153,-146.465483182554
12.5,388.53125,148.571084583169,-144.902604173548
12.5,390.0275,147.740674333892,-143.346892299943
12.5,391.52375,146.913949569488,-141.79832872429
12.5,393.02,146.090874628046,-140.256897745677
12.5,394.51625,145.271414417733,-138.722586496995
12.5,396.0125,144.455534578015,-137.195384655517
12.5,397.50875,143.643201613889,-135.675284167418
12.5,399.005,142.834383005871,-134.16227898663
12.5,400.50125,142.029047298281,-132.656364828233
12.5,401.9975,141.227164168202,-131.157538936412
12.5,403.49375,140.428704477286,-129.665799866878
12.5,404.99,139.633640308407,-128.181147283516
12.5,406.48625,138.841944989006,-126.703581768968
12.5,407.9825,138.053593102789,-125.233104648721
12.5,409.47875,137.268560491307,-123.769717828277
12.5,410.975,136.486824246797,-122.313423642891
12.5,412.47125,135.708362697525,-120.864224719352
12.5,413.9675,134.933155386756,-119.422123849243
12.5,415.46375,134.161183046359,-117.98712387313
12.5,416.96,133.392427565943,-116.559227575087
12.5,418.45625,132.626871958338,-115.138437587005
12.5,419.9525,131.864500322121,-113.724756302099
12.5,421.44875,131.105297801832,-112.318185797069
12.5,422.945,130.349250546434,-110.918727762374
12.5,424.44125,129.596345666508,-109.526383440074
12.5,425.9375,128.84657119061,-108.141153568761
12.5,427.43375,128.099916021172,-106.763038335054
12.5,428.93,127.356369890264,-105.392037331228
12.5,430.42625,126.615923315499,-104.028149518497
12.5,431.9225,125.878567556327,-102.671373195549
12.5,433.41875,125.144294570911,-101.321705971921
12.5,434.915,124.413096973762,-99.9791447458314
12.5,436.41125,123.684967994282,-98.6436856861211
12.5,437.9075,122.959901436322,-97.315324217951
12.5,439.40375,122.237891638854,-95.9940550119489
12.5,440.9,121.518933437843,-94.6798719765042
12.5,442.39625,120.803022129356,-93.372768252932
12.5,443.8925,120.090153433978,-92.072736213246
12.5,445.38875,119.380323462533,-90.7797674602985
12.5,446.885,118.673528683165,-89.4938528300594
12.5,448.38125,117.969765889751,-88.2149823958271
12.5,449.8775,117.269032171673,-86.9431454741726
12.5,451.37375,116.571324884923,-85.6783306324377
12.5,452.87,115.876641624542,-84.4205256976198
12.5,454.36625,115.184980198359,-83.1697177664872
12.5,455.8625,114.496338602018,-81.9258932167828
12.5,457.35875,113.810714995257,-80.6890377193831
12.5,458.855,113.128107679415,-79.4591362512921
12.5,460.35125,112.44851507613,-78.2361731093563
12.5,461.8475,111.771935707197,-77.0201319246008
12.5,463.34375,111.098368175542,-75.8109956770894
12.5,464.84,110.427811147288,-74.6087467112231
12.5,466.33625,109.76026333486,-73.4133667514
12.5,467.8325,109.095723481108,-72.2248369179604
12.5,469.32875,108.434190344389,-71.0431377433554
12.5,470.825,107.77566268459,-69.8682491884756
12.5,472.32125,107.120139250046,-68.7001506590877
12.5,473.8175,106.467618765307,-67.5388210223286
12.5,475.31375,105.818099919734,-66.3842386232116
12.5,476.81,105.171581356875,-65.2363813011057
12.5,478.30625,104.528061664596,-64.09522640615
12.5,479.8025,103.887539365918,-62.9607508155717
12.5,481.29875,103.250012910544,-61.8329309498771
12.5,482.795,102.615480667034,-60.7117427888902
12.5,484.29125,101.983940915595,-59.597161887615
12.5,485.7875,101.35539184146,-58.4891633919004
12.5,487.28375,100.729831528832,-57.3877220538912
12.5,488.78,100.107257955346,-56.2928122472455
12.5,490.27625,99.4876689870491,-55.2044079821082
12.5,491.7725,98.8710623738427,-54.1224829198261
12.5,493.26875,98.2574357453912,-53.0470103873946
12.5,494.765,97.6467866074492,-51.9779633916271
12.5,496.26125,97.0391123385987,-50.9153146330391
12.5,497.7575,96.4344101873676,-49.8590365194422
12.5,499.25375,95.8326772697117,-48.8091011792403
12.5,500.75,95.2339105668387,-47.7654804744268
12.5,502.24625,94.6381069233548,-46.7281460132771
12.5,503.7425,94.0452630457168,-45.6970691627372
12.5,505.23875,93.4553755009711,-44.6722210605033
12.5,506.735,92.8684407157642,-43.6535726267946
12.5,508.23125,92.2844549756081,-42.6410945758189
12.5,509.7275,91.7034144243859,-41.63475742693
12.5,511.22375,91.1253150640832,-40.6345315154782
12.5,512.72,90.5501527547331,-39.6403870033576
12.5,514.21625,89.9779232145602,-38.6522938892494
12.5,515.7125,89.4086220203126,-37.6702220185637
12.5,517.20875,88.8422446077704,-36.6941410930845
12.5,518.705,88.2787862724201,-35.7240206803179
12.5,520.20125,87.7182421702844,-34.7598302225481
12.5,521.6975,87.1606073188976,-33.8015390456046
12.5,523.19375,86.6058765984183,-32.8491163673416
12.5,524.69,86.054044752871,-31.9025313058381
12.5,526.18625,85.505106391507,-30.9617528873151
12.5,527.6825,84.9590559902798,-30.0267500537805
12.5,529.17875,84.4158878934261,-29.0974916704014
12.5,530.675,83.8755963151469,-28.1739465326084
12.5,532.17125,83.3381753413813,-27.2560833729366
12.5,533.6675,82.8036189316703,-26.3438708676056
12.5,535.16375,82.2719209211016,-25.437277642844
12.5,536.66,81.743075022335,-24.536272280961
12.5,538.15625,81.2170748276996,-23.640823326169
12.5,539.6525,80.6939138113629,-22.7508992901606
12.5,541.14875,80.1735853315652,-21.8664686574454
12.5,542.645,79.6560826329185,-20.9874998904478
12.5,544.14125,79.1413988487653,-20.1139614343698
12.5,545.6375,78.6295270035957,-19.2458217218245
12.5,547.13375,78.1204600155211,-18.3830491772398
12.5,548.63,77.6141906988017,-17.5256122210387
12.5,550.12625,77.1107117664274,-16.6734792735981
12.5,551.6225,76.6100158327509,-15.8266187589881
12.5,553.11875,76.1120954161715,-14.9849991084974
12.5,554.615,75.6169429418707,-14.1485887639437
12.5,556.11125,75.1245507445981,-13.3173561807756
12.5,557.6075,74.6349110715091,-12.4912698309668
12.5,559.10375,74.1480160850552,-11.6702982057034
12.5,560.6,73.663857865926,-10.8544098178703
12.5,562.09625,73.182428416048,-10.0435732043347
12.5,563.5925,72.7037196616381,-9.23775692803321
12.5,565.08875,72.2277234563166,-8.43692957985988
12.5,566.585,71.7544315842818,-7.64105978036023
12.5,568.08125,71.2838357635487,-6.85011618123198
12.5,569.5775,70.8159276492555,-6.06406746663324
12.5,571.07375,70.3506988370419,-5.28288235430119
12.5,572.57,69.8881408665044,-4.50652959648123
12.5,574.06625,69.4282452247309,-3.73497798066825
12.5,575.5625,68.9710033499241,-2.96819633016221
12.5,577.05875,68.5164066351146,-2.20615350443632
12.5,578.555,68.0644464319751,-1.44881839932362
12.5,580.05125,67.6151140547393,-0.696159947017361
12.5,581.5475,67.1684007842347,0.0518528841097355
12.5,583.04375,66.7242978720367,0.795251089867698
12.5,584.54,66.2827965447552,1.53406563079358
12.5,586.03625,65.8438880084603,2.26832743287367
12.5,587.5325,65.4075634532609,2.99806738844556
12.5,589.02875,64.9738140580446,3.72331635727859
12.5,590.525,64.5426309953944,4.44410516782899
12.5,592.02125,64.1140054366927,5.16046461867216
12.5,593.5175,63.6879285574284,5.87242548010711
12.5,595.01375,63.2643915427223,6.58001849593427
12.5,596.51,62.8433855930868,7.283274385402
12.5,598.00625,62.4249019304382,7.9822238453216
12.5,599.5025,62.0089318043802,8.67689755234677
12.5,600.99875,61.5954664987794,9.36732616541346
12.5,602.495,61.1844973386543,10.0535403283389
12.5,603.99125,60.7760156974013,10.7355706725725
12.5,605.4875,60.3700130043838,11.4134478200934
12.5,606.98375,59.9664807529089,12.0872023864512
12.5,608.48,59.565410508624,12.7568649839383
12.5,609.97625,59.1667939183603,13.4224662248877
12.5,611.4725,58.7706227194596,14.0840367250867
12.5,612.96875,58.3768887496162,14.7416071072933
12.5,614.465,57.9855839572749,15.3952080048409
12.5,615.96125,57.5967004126225,16.0448700653203
12.5,617.4575,57.2102303192158,16.6906239543146
12.5,618.95375,56.8261660262941,17.3325003591716
12.5,620.45,56.4445000418209,17.9705299927878
12.5,621.94625,56.0652250463092,18.6047435973771
12.5,623.4425,55.6883339074838,19.2351719481934
12.5,624.93875,55.3138196958391,19.8618458571714
12.5,626.435,54.9416757011535,20.484796176447
12.5,627.93125,54.5718954500256,21.1040538017101
12.5,629.4275,54.2044727245009,21.7196496753374
12.5,630.92375,53.8394015818624,22.3316147892497
12.5,632.42,53.4766763756581,22.9399801874237
12.5,633.91625,53.1162917780501,23.544776967985
12.5,635.4125,52.7582428035635,24.1460362847983
12.5,636.90875,52.4025248343265,24.7437893484569
12.5,638.405,52.0491336468902,25.3380674265672
12.5,639.90125,51.6980654407205,25.9289018432051
12.5,641.3975,51.3493168684616,26.5163239774095
12.5,642.89375,51.0028850680658,27.1003652605611
12.5,644.39,50.6587676968917,27.6810571724751
12.5,645.88625,50.3169629678711,28.2584312360185
12.5,647.3825,49.9774696878432,28.8325190100396
12.5,648.87875,49.6402872981558,29.4033520803708
12.5,650.375,49.3054159176273,29.9709620486406
12.5,651.87125,48.9728563879594,30.5353805186023
12.5,653.3675,48.6426103216808,31.0966390796522
12.5,654.86375,48.3146801526931,31.6547692871757
12.5,656.36,47.9890691894753,32.2098026393198
12.5,657.85625,47.6657816709834,32.7617705497538
12.5,659.3525,47.3448228252614,33.3107043159268
12.5,660.84875,47.026198930747,33.8566350822923
12.5,662.345,46.7099173802238,34.399593797909
12.5,663.84125,46.3959867473253,34.9396111677807
12.5,665.3375,46.0844168554442,35.4767175972359
12.5,666.83375,45.7752188488401,36.010943128589
12.5,668.33,45.4684052656598,36.5423173692653
12.5,669.82625,45.1639901125007,37.0708694105084
12.5,671.3225,44.8619889400407,37.5966277357256
12.5,672.81875,44.562418919141,38.1196201174682
12.5,674.315,44.2652989166832,38.6398735019868
12.5,675.81125,43.9706495702463,39.1574138802482
12.5,677.3075,43.6784933605391,39.672266144265
12.5,678.80375,43.3888546802957,40.1844539275499
12.5,680.3,43.1017598981016,40.6939994285089
12.5,681.79625,42.8172374153503,41.2009232155838
12.5,683.2925,42.5353177142297,41.7052440130052
12.5,684.78875,42.2560333943116,42.2069784660883
12.5,686.285,41.9794191949472,42.7061408851272
12.5,687.78125,41.7055120002894,43.2027429671159
12.5,689.2775,41.4343508233367,43.6967934947747
12.5,690.77375,41.1659767649551,44.1882980126717
12.5,692.27,40.9004329433819,44.67725848065
12.5,693.76625,40.6377643892522,45.1636729052876
12.5,695.2625,40.378017900747,45.6475349507562
12.5,696.75875,40.1212418530408,46.1288335312218
12.5,698.255,39.867485955868,46.6075523878551
12.5,699.75125,39.616800952746,47.0836696546027
12.5,701.2475,39.3692382552411,47.5571574181256
12.5,702.74375,39.1248495056677,48.0279812787268
12.5,704.24,38.8836860618335,48.4960999206905
12.5,705.73625,38.645798397935,48.9614647021779
12.5,707.2325,38.4112354165294,49.4240192766967
12.5,708.72875,38.1800436677189,49.8836992600897
12.5,710.225,37.952266473359,50.340431958947
12.5,711.72125,37.7279429562844,50.7941361782231
12.5,713.2175,37.5071069772944,51.2447221275548
12.5,714.71375,37.2897859859853,51.6920914471635
12.5,716.21,37.0759997954573,52.1361373751689
12.5,717.70625,36.8657592954397,52.5767450784223
12.5,719.2025,36.6590651233882,53.0137921684367
12.5,720.69875,36.4559063184908,53.4471494224153
12.5,722.195,36.2562589890778,53.876681726606
12.5,723.69125,36.0600850294189,54.3022492550542
12.5,725.1875,35.867330926981,54.7237088911894
12.5,726.68375,35.6779267055242,55.1409158925291
12.5,728.18,35.4917850525195,55.5537257901589
12.5,729.67625,35.3088006808178,55.9619965047429
12.5,731.1725,35.1288499738467,56.3655906499331
12.5,732.66875,34.9517909604892,56.7643779826494
12.5,734.165,34.7774636599008,57.1582379483663
12.5,735.66125,34.6056908277358,57.5470622590066
12.5,737.1575,34.4362791236124,57.9307574320585
12.5,738.65375,34.269020705465,58.3092472129512
12.5,740.15,34.1036952402151,58.682474799248
12.5,741.64625,33.9400723027264,59.0504047855429
12.5,743.1425,33.7779141172625,59.4130247524135
12.5,744.63875,33.6169785787406,59.7703464316097
12.5,746.135,33.4570224761456,60.1224063926001
12.5,747.63125,33.2978048286391,60.4692662121603
12.5,749.1275,33.1390902371128,60.8110121080123
12.5,750.62375,32.9806521508933,61.147754038483
12.5,752.12,32.8222759513269,61.4796242914805
12.5,753.61625,32.6637617610355,61.8067756063918
12.5,755.1125,32.5049268992941,62.129378890534
12.5,756.60875,32.3456079194435,62.4476206064192
12.5,758.105,32.1856621824789,62.7616999164818
12.5,759.60125,32.0249689406902,63.0718256776124
12.5,761.0975,31.8634299252083,63.3782133787234
12.5,762.59375,31.7009694503045,63.6810821108969
12.5,764.09,31.5375340642442,63.9806516520108
12.5,765.58625,31.3730917906032,64.2771397368993
12.5,767.0825,31.20763101468,64.5707595710282
12.5,768.57875,31.0411590767562,64.8617176313345
12.5,770.075,30.8737006375024,65.1502117832579
12.5,771.57125,30.7052958810805,65.4364297289069
12.5,773.0675,30.535998618903,65.7205477884312
12.5,774.56375,30.3658743521371,66.0027300055191
12.5,776.06,30.1949983444923,66.283127558798
12.5,777.55625,30.0234537492253,66.5618784539226
12.5,779.0525,29.8513298261705,66.8391074662407
12.5,780.54875,29.6787202764651,67.114926301032
12.5,782.045,29.5057217148537,67.3894339371247
12.5,783.54125,29.3324322923225,67.6627171199993
12.5,785.0375,29.158950475519,67.9348509719283
12.5,786.53375,28.9853739840666,68.2058996890208
12.5,788.03,28.8117988825097,68.4759172979325
12.5,789.52625,28.6383188202093,68.7449484482517
12.5,791.0225,28.4650244099788,69.0130292199453
12.5,792.51875,28.2920027345146,69.2801879286091
12.5,794.015,28.1193369686262,69.5464459144765
12.5,795.51125,27.9471061047973,69.811818304104
12.5,797.0075,27.7753847695886,70.0763147363497
12.5,798.50375,27.604243118742,70.339940046607
12.5,800,27.4337467994458,70.6026949053085
15,201.5,172.109407330152,-290.433828006202
15,202.99625,173.941447840812,-292.133219725123
15,204.4925,175.681489508985,-293.674523661892
15,205.98875,177.333054394588,-295.064096407654
15,207.485,178.899516905589,-296.308022430437
15,208.98125,180.384110047848,-297.412126505787
15,210.4775,181.789931342594,-298.381985512254
15,211.97375,183.119948426809,-299.222939631069
15,213.47,184.37700435105,-299.940102987196
15,214.96625,185.563822588616,-300.538373766829
15,216.4625,186.683011769332,-301.022443844588
15,217.95875,187.73707015073,-301.39680795191
15,219.455,188.728389838912,-301.66577241656
15,220.95125,189.659260770992,-301.83346350175
15,222.4475,190.531874470714,-301.903835372002
15,223.94375,191.348327588556,-301.880677711672
15,225.44,192.1106252375,-301.767623020913
15,226.93625,192.820684135537,-301.568153612778
15,228.4325,193.480335565991,-301.285608334202
15,229.92875,194.09132816681,-300.923189032603
15,231.425,194.655330560174,-300.483966788971
15,232.92125,195.173933834014,-299.970887937394
15,234.4175,195.648653887403,-299.386779890072
15,235.91375,196.080933652214,-298.734356785957
15,237.41,196.472145203984,-298.016224980189
15,238.90625,196.823591775527,-297.234888390497
15,240.4025,197.136509687502,-296.392753715587
15,241.89875,197.412070210931,-295.492135539389
15,243.395,197.651381377372,-294.535261333626
15,244.89125,197.855489753341,-293.524276369732
15,246.3875,198.025382196297,-292.461248549427
15,247.88375,198.16198761034,-291.348173161418
15,249.38,198.266178720413,-290.186977569601
15,250.87625,198.338773884417,-288.979525835838
15,252.3725,198.380538963027,-287.727623277825
15,253.86875,198.392189267223,-286.433020959813
15,255.365,198.374391603424,-285.097420110926
15,256.86125,198.327766435704,-283.722476462632
15,258.3575,198.252890183708,-282.309804493535
15,259.85375,198.150297673557,-280.860981566192
15,261.35,198.020484757157,-279.377551937092
15,262.84625,197.863911112867,-277.861030617448
15,264.3425,197.681003237339,-276.312907059064
15,265.83875,197.472157634565,-274.734648636417
15,267.335,197.237744203659,-273.127703893356
15,268.83125,196.97810982176,-271.493505520642
15,270.3275,196.693582112618,-269.833473029005
15,271.82375,196.384473385107,-268.149015081781
15,273.32,196.051084719103,-266.44153145152
15,274.81625,195.69371016912,-264.712414566475
15,276.3125,195.312641048938,-262.963050615656
15,277.80875,194.908170253482,-261.194820185247
15,279.305,194.480596567625,-259.409098404752
15,280.80125,194.0302289057,-257.607254588109
15,282.2975,193.557390420682,-255.790651363273
15,283.79375,193.062422418367,-253.960643293156
15,285.29,192.545688009961,-252.118575001144
15,286.78625,192.007575436284,-250.265778825487
15,288.2825,191.448500998643,-248.403572038166
15,289.77875,190.868911535465,-246.533253675127
15,291.275,190.269286389843,-244.656101035595
15,292.77125,189.650138821472,-242.773365917942
15,294.2675,189.012016826574,-240.886270668056
15,295.76375,188.355503341248,-238.996004122757
15,297.26,187.681215816854,-237.103717535281
15,298.75625,186.989805169979,-235.210520571894
15,300.2525,186.281954123933,-233.317477468131
15,301.74875,185.558374972844,-231.425603429955
15,303.245,184.819806812913,-229.535861359358
15,304.74125,184.067012297576,-227.649158975718
15,306.2375,183.300773983821,-225.766346393953
15,307.73375,182.521890345366,-223.888214208546
15,309.23,181.731171534408,-222.015492119278
15,310.72625,180.929434977189,-220.148848120569
15,312.2225,180.117500889503,-218.288888262238
15,313.71875,179.29618779666,-216.436156975642
15,315.215,178.466308138402,-214.59113794626
15,316.71125,177.628664033207,-212.754255501977
15,318.2075,176.784043268552,-210.925876476242
15,319.70375,175.933215574539,-209.106312496876
15,321.2,175.076929228147,-207.295822645025
15,322.69625,174.215908024726,-205.494616424384
15,324.1925,173.350848642619,-203.702856978561
15,325.68875,172.482418416301,-201.920664493964
15,327.185,171.61125352354,-200.148119726961
15,328.68125,170.737957583023,-198.385267596771
15,330.1775,169.863100650881,-196.632120789592
15,331.67375,168.987218597706,-194.888663324429
15,333.17,168.110812842062,-193.154854036728
15,334.66625,167.23435041213,-191.430629942005
15,336.1625,166.358264304034,-189.715909447914
15,337.65875,165.482954103375,-188.010595389428
15,339.155,164.608786835615,-186.314577867834
15,340.65125,163.736098010889,-184.627736879914
15,342.1475,162.865192829615,-182.949944728896
15,343.64375,161.996347516681,-181.281068213466
15,345.14,161.129810753884,-179.620970595183
15,346.63625,160.265805182584,-177.969513348219
15,348.1325,159.404528951092,-176.326557698196
15,349.62875,158.546157283977,-174.691965959259
15,351.125,157.690844053204,-173.065602680357
15,352.62125,156.838723333779,-171.447335612976
15,354.1175,155.989910929149,-169.837036513479
15,355.61375,155.144505854145,-168.234581793695
15,357.11,154.302591765571,-166.639853033557
15,358.60625,153.464238332682,-165.052737369492
15,360.1025,152.62950254173,-163.473127771928
15,361.59875,151.798429930479,-161.900923224761
15,363.095,150.971055750102,-160.336028819001
15,364.59125,150.147406053174,-158.778355772063
15,366.0875,149.327498707603,-157.227821383358
15,367.58375,148.511344337255,-155.684348936012
15,369.08,147.698947190814,-154.147867553682
15,370.57625,146.890305941013,-152.618312020577
15,372.0725,146.085414416866,-151.095622571984
15,373.56875,145.284262271893,-149.579744661795
15,375.065,144.486835591571,-148.070628712767
15,376.56125,143.693117443432,-146.568229854563
15,378.0575,142.903088373318,-145.072507653938
15,379.55375,142.116726851313,-143.583425840842
15,381.05,141.334009670894,-142.100952033666
15,382.54625,140.554912304718,-140.625057466335
15,384.0425,139.779409220428,-139.155716719523
15,385.53875,139.007474159692,-137.692907457852
15,387.035,138.239080383573,-136.236610174572
15,388.53125,137.474200887153,-134.786807944925
15,390.0275,136.712808586198,-133.343486189102
15,391.52375,135.95487647845,-131.906632445466
15,393.02,135.200377781992,-130.476236154518
15,394.51625,134.449286052941,-129.052288453887
15,396.0125,133.701575284573,-127.634781984498
15,397.50875,132.957219989815,-126.223710707916
15,399.005,132.216195268891,-124.819069734797
15,400.50125,131.478476863765,-123.420855164243
15,401.9975,130.744041200858,-122.029063933838
15,403.49375,130.012865423436,-120.643693680039
15,404.99,129.284927414883,-119.264742608594
15,406.48625,128.560205814002,-117.892209374592
15,407.9825,127.838680023356,-116.526092971744
15,409.47875,127.120330211579,-115.166392630487
15,410.975,126.405137310476,-113.813107724461
15,412.47125,125.693083007654,-112.466237684946
15,413.9675,124.984149735366,-111.125781922818
15,415.46375,124.278320656145,-109.791739757594
15,416.96,123.575579645772,-108.464110353161
15,418.45625,122.87591127404,-107.142892659757
15,419.9525,122.179300783743,-105.828085361839
15,421.44875,121.48573406825,-104.519686831421
15,422.945,120.795197647988,-103.217695086548
15,424.44125,120.107678646137,-101.922107754523
15,425.9375,119.423164763762,-100.632922039574
15,427.43375,118.741644254617,-99.3501346946334
15,428.93,118.063105899809,-98.0737419969166
15,430.42625,117.387538982476,-96.8037397270308
15,431.9225,116.714933262627,-95.5401231513278
15,433.41875,116.045278952259,-94.2828870072517
15,434.915,115.378566690856,-93.0320254914387
15,436.41125,114.714787521348,-91.7875322503451
15,437.9075,114.053932866611,-90.5494003731882
15,439.40375,113.39599450655,-89.3176223870061
15,440.9,112.74096455583,-88.0921902536465
15,442.39625,112.088835442271,-86.8730953685162
15,443.8925,111.439599885949,-85.6603285609255
15,445.38875,110.793250879023,-84.4538800958816
15,446.885,110.149781666287,-83.2537396771876
15,448.38125,109.509185726474,-82.0598964517208
15,449.8775,108.871456754295,-80.8723390147682
15,451.37375,108.236588643232,-79.6910554163077
15,452.87,107.604575469057,-78.5160331681334
15,454.36625,106.975411474089,-77.3472592517284
15,455.8625,106.349091052166,-76.1847201267969
15,457.35875,105.725608734322,-75.0284017403763
15,458.855,105.104959175152,-73.8782895364517
15,460.35125,104.487137139853,-72.7343684660071
15,461.8475,103.872137491919,-71.5966229974463
15,463.34375,103.259955181475,-70.4650371273296
15,464.84,102.650585234227,-69.3395943913692
15,466.33625,102.044022741008,-68.2202778756369
15,467.8325,101.440262847908,-67.1070702279387
15,469.32875,100.839300746956,-65.9999536693153
15,470.825,100.241131667343,-64.8989100056313
15,472.32125,99.6457508671603,-63.8039206392196
15,473.8175,99.0531536256372,-62.7149665805508
15,475.31375,98.4633352358555,-61.6320284598969
15,476.81,97.8762909979226,-60.555086538969
15,478.30625,97.2920162125831,-59.4841207224997
15,479.8025,96.7105061752525,-58.4191105697561
15,481.29875,96.1317561704526,-57.3600353059596
15,482.795,95.5557614666319,-56.3068738335999
15,484.29125,94.9825173113539,-55.2596047436245
15,485.7875,94.4120189268367,-54.218206326495
15,487.28375,93.844261505827,-53.1826565830936
15,488.78,93.2792402077945,-52.152933235473
15,490.27625,92.7169501554302,-51.1290137374402
15,491.7725,92.1573864314345,-50.1108752849638
15,493.26875,91.6005440755823,-49.0984948264012
15,494.765,91.0464180820504,-48.091849072537
15,496.26125,90.4950033969945,-47.09091450643
15,497.7575,89.9462949163651,-46.0956673930627
15,499.25375,89.4002874839478,-45.106083788791
15,500.75,88.85697588962,-44.1221395505904
15,502.24625,88.3163548678095,-43.143810345097
15,503.7425,87.7784190961492,-42.1710716574438
15,505.23875,87.2431631943135,-41.2038987998852
15,506.735,86.7105817230305,-40.2422669202163
15,508.23125,86.1806691832596,-39.2861510099824
15,509.7275,85.6534200155261,-38.3355259124793
15,511.22375,85.1288285994055,-37.3903663305459
15,512.72,84.6068892531486,-36.4506468341494
15,514.21625,84.0875962334421,-35.5163418677642
15,515.7125,83.5709437352958,-34.5874257575448
15,517.20875,83.0569258920512,-33.6638727182967
15,518.705,82.5455367755056,-32.7456568602431
15,520.20125,82.0367703961447,-31.8327521955938
15,521.6975,81.5306207034797,-30.9251326449137
15,523.19375,81.0270815864829,-30.0227720432963
15,524.69,80.5261468741174,-29.1256441463437
15,526.18625,80.0278103359565,-28.2337226359527
15,527.6825,79.5320656828884,-27.3469811259142
15,529.17875,79.0389065679027,-26.4653931673236
15,530.675,78.5483265869547,-25.588932253808
15,532.17125,78.0603192799044,-24.7175718265696
15,533.6675,77.574878131528,-23.8512852792512
15,535.16375,77.0919965725963,-22.9900459626237
15,536.66,76.6116679810223,-22.1338271890991
15,538.15625,76.1338856830703,-21.282602237071
15,539.6525,75.6586429546288,-20.4363443550862
15,541.14875,75.1859330225432,-19.5950267658486
15,542.645,74.7157490660069,-18.7586226700586
15,544.14125,74.2480842180105,-17.9271052500896
15,545.6375,73.7829315668469,-17.1004476735055
15,547.13375,73.3202841576722,-16.2786230964209
15,548.63,72.8601349941218,-15.4616046667038
15,550.12625,72.4024770399799,-14.6493655270282
15,551.6225,71.9473032209046,-13.8418788177741
15,553.11875,71.4946064262069,-13.0391176797801
15,554.615,71.0443795106845,-12.2410552569483
15,556.11125,70.5966152965103,-11.4476646987065
15,557.6075,70.1513065751776,-10.6589191623268
15,559.10375,69.7084461095024,-9.8747918151048
15,560.6,69.2680266356828,-9.0952558364003
15,562.09625,68.8300408654194,-8.32028441954125
15,563.5925,68.3944814880965,-7.54985077359405
15,565.08875,67.9613411730266,-6.78392812500118
15,566.585,67.5306125717614,-6.02248971908643
15,568.08125,67.10228832047,-5.26550882143382
15,569.5775,66.6763610423894,-4.5129587191367
15,571.07375,66.2528233503482,-3.76481272192334
15,572.57,65.8316678493687,-3.02104416315736
15,574.06625,65.4128871393502,-2.28162640071653
15,575.5625,64.9964738178378,-1.54653281775175
15,577.05875,64.5824204828812,-0.815736823325949
15,578.555,64.1707197359888,-0.0892118529382337
15,580.05125,63.7613641851811,0.633068631068567
15,581.5475,63.3543464481502,1.35113113921385
15,583.04375,62.9496591555309,2.06500215469473
15,584.54,62.5472949542899,2.77470813331331
15,586.03625,62.1472465112401,3.480275503509
15,587.5325,61.7495065166876,4.18173066649719
15,589.02875,61.3540676882185,4.87909999651089
15,590.525,60.9609227746358,5.5724098411421
15,592.02125,60.5700645600538,6.26168652178008
15,593.5175,60.1814858681598,6.94695633414628
15,595.01375,59.795179566655,7.6282455489191
15,596.51,59.4111385718834,8.30558041244775
15,598.00625,59.029355853663,8.97898714754917
15,599.5025,58.6498244403294,9.64849195438648
15,600.99875,58.2725374240057,10.3141210114227
15,602.495,57.8974879661153,10.9759004764431
15,603.99125,57.5246693031486,11.6338564876447
15,605.4875,57.1540747527026,12.2880151647827
15,606.98375,56.7856977198099,12.9384026103689
15,608.48,56.4195317035738,13.5850449109128
15,609.97625,56.0555703041301,14.2279681381997
15,611.4725,55.6938072299557,14.8671983505915
15,612.96875,55.3342363055448,15.5027615943438
15,614.465,54.9768514794765,16.1346839049245
15,615.96125,54.6216468328965,16.7629913083226
15,617.4575,54.2686165884405,17.3877098223299
15,618.95375,53.9177551196254,18.0088654577801
15,620.45,53.569056960735,18.6264842197288
15,621.94625,53.2225168172343,19.240592108549
15,623.4425,52.8781295767407,19.8512151209234
15,624.93875,52.5358903205868,20.4583792507066
15,626.435,52.195794336011,21.062110489627
15,627.93125,51.857837129011,21.6624348277994
15,629.4275,51.5220144379007,22.2593782540104
15,630.92375,51.1883222476104,22.8529667557397
15,632.42,50.8567568047727,23.4432263188718
15,633.91625,50.5273146336392,24.0301829270512
15,635.4125,50.199992552873,24.6138625606265
15,636.90875,49.8747876932659,25.194291195124
15,638.405,49.55169751643,25.7714947991853
15,639.90125,49.230719834513,26.3454993318957
15,641.3975,48.9118528309924,26.9163307394208
15,642.89375,48.5950950825995,27.4840149508653
15,644.39,48.2804455824293,28.0485778732501
15,645.88625,47.9679037642908,28.6100453855039
15,647.3825,47.6574695283525,29.1684433313415
15,648.87875,47.3491432681365,29.7237975109021
15,650.375,47.0429258989165,30.2761336709969
15,651.87125,46.7388188875696,30.8254774938033
15,653.3675,46.4368242839295,31.3718545838287
15,654.86375,46.136944753687,31.9152904529489
15,656.36,45.8391836128742,32.455810503302
15,657.85625,45.5435448639667,32.9934400078041
15,659.3525,45.2500332336233,33.5282040880287
15,660.84875,44.9586542120769,34.0601276891607
15,662.345,44.6694140941724,34.589235551723
15,663.84125,44.3823200220345,35.1155521797313
15,665.3375,44.0973800293229,35.6391018049121
15,666.83375,43.8146030870138,36.159908346583
15,668.33,43.5339991506134,36.6779953667639
15,669.82625,43.2555792086765,37.1933860200454
15,671.3225,42.9793553324647,37.7061029977149
15,672.81875,42.7053407265269,38.2161684655907
15,674.315,42.4335497799358,38.7236039949876
15,675.81125,42.1639981178463,39.2284304861856
15,677.3075,41.8967026529682,39.7306680837501
15,678.80375,41.6316816364639,40.2303360829991
15,680.3,41.3689547076818,40.7274528268897
15,681.79625,41.1085429420269,41.2220355925622
15,683.2925,40.8504688961429,41.7141004667514
15,684.78875,40.5947566494417,42.2036622092619
15,686.285,40.3414318408522,42.6907341036977
15,687.78125,40.0905216994853,43.1753277946363
15,689.2775,39.8420550677114,43.6574531104698
15,690.77375,39.5960624149297,44.137117871172
15,692.27,39.3525758400658,44.6143276803267
15,693.76625,39.1116290605751,45.0890857008514
15,695.2625,38.873257385448,45.5613924139951
15,696.75875,38.6374976694109,46.0312453613692
15,698.255,38.4043882452037,46.4986388700203
15,699.75125,38.17396883049,46.963563760845
15,701.2475,37.9462804056202,47.4260070410309
15,702.74375,37.721365058148,47.8859515816644
15,704.24,37.4992657896851,48.3433757821881
15,705.73625,37.280026280398,48.7982532240534
15,707.2325,37.0636906062215,49.2505523166719
15,708.72875,36.8503029036949,49.7002359396537
15,710.225,36.6399069772663,50.1472610863319
15,711.72125,36.4325458439667,50.5915785147074
15,713.2175,36.228261210586,51.0331324132061
15,714.71375,36.0270928789097,51.471860090018
15,716.21,35.8290780752564,51.9076916962499
15,717.70625,35.634250701529,52.3405499946651
15,719.2025,35.4426405063164,52.7703501873355
15,720.69875,35.2542721762886,53.1969998170622
15,722.195,35.0691643502766,53.6203987588359
15,723.69125,34.8873285610385,54.0404393188283
15,725.1875,34.7087681128058,54.4570064593184
15,726.68375,34.533476906284,54.8699781684244
15,728.18,34.3614382268023,55.2792259934044
15,729.67625,34.1926235157197,55.6846157554309
15,731.1725,34.0269911498727,56.0860084620086
15,732.66875,33.8644852586473,56.4832614303986
15,734.165,33.7050346129503,56.8762296314445
15,735.66125,33.5485516246876,57.2647672579469
15,737.1575,33.3949314989989,57.6487295151735
15,738.65375,33.2440515841079,58.0279746232594
15,740.15,33.095770964814,58.4023660122777
15,741.64625,32.9499303450336,58.7717746808774
15,743.1425,32.8063522619946,59.1360816789788
15,744.63875,32.6648416694641,59.4951806645388
15,746.135,32.5251869195306,59.848980474473
15,747.63125,32.3871611619804,60.1974076411104
15,749.1275,32.2505241673479,60.5404087788032
15,750.62375,32.1150245646662,60.8779527612135
15,752.12,31.9804024683915,61.2100326090274
15,753.61625,31.8463924517289,61.5366670108751
15,755.1125,31.7127268066033,61.8579014073764
15,756.60875,31.5791390148951,62.1738085794812
15,758.105,31.4453673423648,62.4844886973595
15,759.60125,31.3111584569714,62.7900688043922
15,761.0975,31.1762709678766,63.0907017314231
15,762.59375,31.0404787809042,63.3865644582065
15,764.09,30.9035741708437,63.6778559606307
15,765.58625,30.7653704805952,63.9647946024817
15,767.0825,30.6257043712585,64.2476151479622
15,768.57875,30.4844375650083,64.5265654848471
15,770.075,30.3414580428532,64.8019031572419
15,771.57125,30.1966806808843,65.0738918109881
15,773.0675,30.0500473300366,65.3427976537833
15,774.56375,29.901526364475,65.6088860263547
15,776.06,29.7511117413843,65.8724181711809
15,777.55625,29.5988216293658,66.133648272171
15,779.0525,29.4446966732741,66.3928208233956
15,780.54875,29.2887979699653,66.6501683684858
15,782.045,29.1312048321153,66.9059096357186
15,783.54125,28.9720124163454,67.1602480779658
15,785.0375,28.8113292878565,67.4133708123717
15,786.53375,28.6492749872669,67.6654479423503
15,788.03,28.4859776570562,67.9166322345917
15,789.52625,28.321571775624,68.1670591163738
15,791.0225,28.1561960371171,68.4168469535337
15,792.51875,27.989991405406,68.6660975667969
15,794.015,27.8230993613397,68.9148969435191
15,795.51125,27.655660354011,69.1633161029057
15,797.0075,27.4878124594305,69.4114120751273
15,798.50375,27.3196902438515,69.6592289580438
15,800,27.1514238240453,69.9067990191837
